73,Sefer 'Amude Golah
76,Eliyah Mizraḥi : perush Rabbenu Shelomoh Yitsḥaḳi
28,Vara de Iuda
48,'En Yisrael
2746,Ikarim
1953,Talmud Bavli
18,Sedeh Yehoshu'a
1802,בית אפרים
2080,Sefer ha-terumah
1344,Mahazor minhag Roma
6,""
193,אותיות של רבי עקיבא
337,Sefer Sifte Yeshenim
616,יד יוסף ויד שאול ‬
35,Kohelet Shelomoh
12,""
168,Sefer hasidim
928,חקות החיים
2810,Kereti u-feleti
2651,Masekhet Yevamot
304,ספר שאלות ותשובות הנקרא חכם צבי וחידושים וביאורים
14,Kuzari
19,Shevet Yehuda
59,Mishneh Torah
22,Yosifon
359,Me'ir Ha-shahar
21,Josippon
26,Cuzary
39,Yosifon
27,Shevet Yehuda
40,Yeven Metsulah
62,Mateh Dan. Kuzari Sheni
41,Yosifon
334,Nofet Tsufim
37,""
2,Sheʼelot u-teshuvot : ṿe-hilkhot sheḥiṭah u-vediḳah ṿe-ḥidushe dinin
1304,Mahazor
72,"Talmud Bavli, Yoma"
831,בן אברהם
3541,Levush ha-tekhelet
101,Sefer ha-Arukh
92,סדר הגדות של פסח
84,Haggadah
3,Josippon
3472,"Masekhet Pesahim, Pesah rishon ve-sheni"
348,Tefilah : mi-reshit ṿe-ʻad aḥarit ha-shanah
196,אותיות של רבי עקיבא
296,'En Yisrael
88,Seder Haggadah Shel Pesach
94,Seder Haggadah Shel Pesach
245,""
902,פאר הדור
52,ספר הבחור
1135,ספר קרניים
3340,תלמוד בבלי מסכת עירובין
162,[Tanakh]
3542,תפארת למשה
1803,עין יעקב
903,פתח עינים
15,""
93,
29,""
1346,Iyov
20,Shevet Yehuda
2676,Kuntros
3543,מים עמוקים
2681,Perush Hamesh Megilot
2777,ʻAṭeret rosh
3564,
2690,הלכות רב אלפס
2700,עין ישראל ובית יהודא
108,Sefer Rav Alfas
169,Sefer Sifte Kohen
111,Rav Alfas
2982,Masekhet Gitin
257,ספר שאלות ותשובות של הרב ... דוד 'ן אבי זמרא
220,Sefer Abudarham
228,Abudarham
249,Sifra zeh Torat Kohanim
253,Sifre
326,"חמישה חומשי תורה ונביאים ראשונים ואחרונים וכתובים; Biblia Hebraica, eleganti charactere impressa. Editio Nova"
3341,תלמוד בבלי מסכת בבא קמא
266,לבוש התכלת
157,"Hegesippi scriptoris grauissimi De bello Iudaico, et urbis Hierosolymitanae excidio, libri quinq[ue] : accesserunt nunc primùm annotationes, quibus ab innumeris mendis auctor uindicatur, obscuriora loca commodè explicantur, ac scholijs illustrantur"
929,אור הישר
1109,Die fünff Bücher Mose
316,Masekhet Shabbat
145,"España, patria de Colón"
175,Sefer Behinat ha-Olam
1136,נחלת שבעה
152,Zot Torat ha-Hatat
475,Sefer Yesod olam hibro Yitshak ha-Yisreeli ; ... ve-hugah be-iyun nimrats a.y. Barukh beha-rav Yaakov mi-Shklov.
899,תורת גיטין
147,Sheʼelot u-teshuvot Yeshuʻot malko : ḳolel teshuvot be-ʻinyanim ha-nogeʻim le-4 ḥelḳe ha-Shulḥan ʻarukh
139,Christoph Columbus und der Antheil der Juden an den Spanischen und Portugiesischen Entdeckungen
129,Sefer Zeraʻ Berakh
1968,Sefer ha-harkavah
957,ברך משה
173,Mateh Aharon
956,ים של שלמה
132,Sefer ot emet
186,"אותיות של רבי עקיבא זצל : זה החבור מיוסד ומתוקן על סדר האלפ""א ביתא ובכל אות ואות מפורש בו סודות וחידושים על פי הקבלה האמתית כאשר נזכר בלוח סדר סימני האותיות"
209,אותיות של רבי עקיבה
322,ספר חכמת שלמה
55,Sefer Be'er Mayim Hayyim
439,Megilat setarim Masekhet Purim.
269,"חידושי הלכות מהגאון מהר""ר שמואל עדלוש"
270,ספר שאלות ותשובות מהרב... משה גאלנטי
901,Peraḥ maṭeh Aharon : ḥeleḳ 1-2 : mi-sheʼelot u-teshuvot
146,The Making of the Modern Jew
315,Masekhet Berakhot
115,""
3422,אלשיך שושנת העמוקים
361,‫  קנה חכמה
148,Kol Kitve Ahad Ha'am
904,לקוטי אמרים
986,"Talmud Bavli, Massekhet Bava Kama"
832,פני משה
362,Kol Bo
285,שאלות ותשובות להרב רבינו אשר
871,פרקי שירה
534,Hamishah humshe Torah : le-fi seder ha-parashiyot petuhut u-setumot : ve-im Neviim rishonim va-aharonim u-Khetuvim beli nekudot ...
2094,Maḥzor ke-fi minhag Roma
2691,"תנ""ך יהושע שופטים"
833,חקות החיים
368,Arba'ah Turim
527,Perush ha-Berakhot ve-ha-Tefillot
431,Haftarot mi-kol ha-shanah : im targum Ashkenazi ... u-veur ...
703,Sefer diḳduḳ Eliyahu ha-Leṿi ha-Ashkenazi asher shemo sefer Baḥur / hugah ʻa. y. Mordekhai b.h.R.d. Shemayah Drizin.
364,Sefer Rav Mordekhai
370,Sefer Shoshanim le-Daṿid : ṿe-hu ḥibur nifla ʻal shita sidre Mishnah.
2081,Perush Rashi ʻal ha-Torah
3352,ספר הישר
2213,Sefer Yetsirah
538,Massekhet Megilah
434,Heshek Shelomoh : ve-hu perisat derishat sefer Yeshayahu Shelomoh ben ... Yitshak le-vet ha-Levi ...
3072,Petaḥ Devarai
1418,'חפץ ה
569,Mah nishtanah : Hagadah shel Pesah.
436,Kikayon de-Yonah : hidushim al G.P.T. al ha-Masekhtot ... asher hiber mo. ha-r. r. Yonah Teomim ... ; huva li-defus a.y. banav ha-tseirim.
1454,חובות הלבבות
530,Olat Tamid
1200,Mikhtav sheni
570,Igeret bikoret : ... kol dine saris u-fatsu`a ve-nikhratאגרת בקרת : ... כל דיני סריס ופצוע ונכרת ...
1308,Masekhet Yevamot
1514,חקרי לב
533,Akedat Yitshak : ve-aharon aharon ... perush ha-Aramahg le-hamesh megilot.
1110,צוהר התיבה החדש
537,Keli faz
1040,Sefer ben Gurion
504,Masekhet Avodah Zarah
1348,Mishle
437,"Magine Shelomoh : hidushe halakhot al Gemara i. p. T. al Masekhet Shabat, Pesahim, Betsah, Yevamot, Ketubot, Kidushin, Bava kama, [ve]-Hulin asher hiber Yehoshua she-hay. a.b.d. bi-k. k. Krako."
710,Sefer ha-Bahir / sodot niflaʼot shel R. Neḥunya ben ha-Kanah.
798,הארוך מש״ך : על טור יורה דעה
507,Masekhet Bava Batra
433,Havat yair hadash.
799,כנפי יונה
1224,Lexicon hebraicum et chaldaicum
525,Masekhet Mo'ed Katan
1138,הגהות ירושלמי
1137,"שאלות ותשובות גבעת שאול / יסדו וגם חברו ... הרב ... מהור""ר שאול בר' משה ... שהיה אבד""ק לאמז"
519,Masekhet Eruvin
2095,Sefer Tehilim
1282,ספרא זקוקין דנורא ובעורין דאשא ... פירוש נאה ומיוחד על... סדר אליהו רבא וסדר אליהו ...
524,Masekhet Ta'anit
508,Masekhet Sanhedrin and Masekhet Makkot
505,Masekhet Bava Kama
2983,Masekhet Berakhot
1166,מלך שלם
1251,Masekhet Yevamot
2811,מדרש רבות חלק שני
2098,Talmud 'im Perush Rashi
811,Kol Bo
2747,Sefer ha-Kuzari
2779,ספר פני יהושע
3566,"Sheyare Keneset ha-gedolah, helek Orah hayim"
509,'Or ha-Yashar
541,Tikun Soferim
448,"Sefer Bedek ha-bayit yasdo, hekhino ve-gam hikro Yosef ben Efrayim Karo ; hugah al yad Yitshak Gershon."
451,"Sefer Dat esh : sheelot u-teshuvot u-veur al ha-Rambam, Hil. Kilayim hibro Uri Sheraga Faibish."
442,Miktav revii ...
3336,תלמוד בבלי מסכת ברכות
443,"Nahalat Yaakov ve-hemah sheelot u-teshuvot asher hiber, izen ve-hiker Yaakov Hailpron."
438,Marot ha-tsovot : perush al Neviim ... Mosheh Alshekh ; hugah al yad Yitshak Gershon.
1804,מגלה עמוקות
2281,Shulhan Arukh. Even ha-Ezer
574,"Levanon :shem ha-kolel la-inyanim ha-mehubarim le-varer ule-laben yesodot ve-shorshe leshon ha-kodesh, meshalav u-melitsotav ... ha-sefer ha-rishon zeh shemo Gan naul u-vo sheloshah batim."
515,
520,Masekhet Pesahim
579,Sefer She'elot u-teshuvot besamim rosh
575,"Ioh. Henrici Othonis, Hel. Bernatis, in Acad. Laus. Phil. Prof., lexicon rabbinico-philologicum :in quo ordine alphabetico notantur et referuntur prÃ¦cipua, quÃ¦ circa veterum HebrÃ¦orum dogmata, ritus & statuta, in utroque Talmude, Maymonidis & aliorum scriptis occurrunt : ad utilitatem operis indigitandam in limine positum est Massecet Schekalim, not. illust., cum indicibus in V. & N. Testamentum, ut & Misnicos tractatus."
2161,Bible. N.T. Matthew. Hebrew. Latin.
449,"Sefer Bet Aharon : helek rishon, al sefer Be-reshit asher hibarti Aharon beha-h. Itsik."
446,Sar shalom.
3176,חובות הלבבות
576,"Splendor lucis :oder, Glantz des Lichts, pars I. enthaltend eine kurtze physico-cabalistische Auslegung des grÃ¶sten Natur-Geheimnuss : insgemein Lapis philosophorum genannt caus dem hebraeischen Grund-Text der Heil. Schrift gezogen : in Hebraeisch- und Teutcher Sprach gleich-lautend heraus gegeben von Aloysio Wienner, Orientalium Linguarum Magistro ab Antiquissima & Celeberrima Universitate, Viennensi Approbato."
1253,Masekhet Nazir
1254,Masekhet Sukkah
440,Meshal ha-kadmoni.
365,ביאור על התורה
2780,מדרש רבות חלק ראשון
1515,מנהגי ישרון
2216,Sha'are Dura
441,Mikhtam le-David : mehkar be-emunah David Vital.
456,Sefer Ets ha-Hayim : derush u-musafin ke-hilkhatan.
572,"Sefer Kos ha-Yeshu`ot :helek rishon min hidushe M.H.R.Sh.Sh.Kh. ve-`asuyin al ... sheva masekhtot: shalosh Bavot, Sanhedrin, Makot, Shevu`ot, A[vodah] Z[arah]"
2694,Tikun Soferim
1167,מיני תרגומא ‬
445,Bible. Prophets. Writings. Commentary.
454,Sefer Divre shalom
573,"Catechismus Judaeorum : bin disputatione & dialogo magistri ac discipuli scriptus aÌ Rabbi Abrahamo Jagel, Monte Silicis oriundo ; et Latinus ex Hebraeo factus aÌ Ludovico de CompieÌgne de Veil, A.M, secundum exemplar Londinense."
676,חמדת שלמה
930,סדר סליחות
958,ערוך השלם
1139,עבודת הלוי
987,"Talmud Bavli, Massekhet Bava Batra"
959,ערוך השלם
577,Rav peninim : u-vo sheloshah sefarim niftahim sefer ehad nikra Nofet tsufim u-me'irat `enayim ...
1111,מדרש תדשא
536,Seder nakhon mi-seliḥot u-fiyuṭim ḥadashim ʻim yeshanim : le-hitpalel ule-hitḥanen
1041,ספר השרשים... והוא החלק השני מהמכלול ... שחבר החכם הספרדי
580,Sefer She'iltot / : de-rav Ahai Ga'on mi-Shabhaספר שאילתות / : דרב אחאי גאון משבחא
455,Sefer Eshle ravreve.
1225,Synagoga judaica
1970,Sefer Mitsṿot ha-gadol
1226,Thesaurus grammaticus linguæ sanctæ hebrææ duobus libris methodice propositus
458,Sefer Hanukat ha-bayit : be-veur tsurot ve-tavnit ha-bayit ha-neherav ... .
452,Sefer Derekh yesharah.
453,Sefer dikduk ha-nikra Divre Agur.
1227,"Biblia sacra Hebraici, Chaldaice, Graece, & Latine."
517,
1417,ציוני
1910,משנת ר’ אליעזר
583,Sammlung von gerichtlichen jüdischen Contracten : Rabbinisch und Deutsch
1842,"שאלות ותשובות בשמים ראש \ ע""פ כסא דהרסנא"
829,Sefer Oniy. be-lev yam : ... ʻal shelosh ʻeśreh midot u-shelosh ʻeśreh ʻiḳarim ... ṿi-yesode emunah ... / ḥibro Boʻaz Refaʼel Roṭ shilṭ.
468,Sefer Mor u-ketsiah : mi-Tur Orah hayim ...
1805,אכלה ואכלה
585,She'elot U-teshuvot
1312,Masekhet Nedarim
2984,Masekhet Nedarim
488,Ve-zot ha-sefer ha-Nefesh ha-hakhamah Mosheh b. R. Shem Tov me-ir Leyon.
473,Sefer Yarim Mosheh beur le-masekhet Avot le ... Mosheh Alshekh ; ve-asiti leket ha-zeh [Yirmeyah ben Mosheh Shlenker].
2162,Sefer ha- Emunot
2215,halikhot ʻolam
476,Sefer Yoreh hataim : im notarikon naim ve-hibut ha-kever ve-tsavaat R. Yuda Hasid bi-leshon ha-kodesh ve-atah hosafti ani Binyamin Segal mi-k.k. Melitskol ha-devarim hamagiim le-hitorer lev ha-adam la-shuv me-ha
482,"Sh. u-t. Maamar Mordekhai, helek rishon ... Lehem eden ... me-ta'am ... Menahem Mendl."
495,Sefer ha-emunot veha-deot ... ve-hetiko R. Yehudah ben Shaul ha-yadua ibn Tibon ...
485,Tikune ha-Zohar she-hiber ha-tana ha-eloki Rabi Shimon ben Yohai.
492,"Yoel u-Malakhi im perush David Kimhi : Terufah ruhaniyut = Ioel et Malachias, cum commentario Dauid Kimhi : Item medicina spiritualis haec Sebastianus Munsterus ..."
491,Bet Yaakov esh : beur ... al sifra de-Iyov ... hekhino Yaakov Uri Shraga Fayvil ben ... Menahem Nahum.
906,ספר גרושין
459,Sefer ha-yashar
2805,Ḥen ṭov
483,Tefilah le-Mosheh hibro Mosheh Almosnino ; seder k. Sh. she-al ha-mitah ... be-veur maalat ha-Torah ... derushim ...
816,"Sefer Baʻe ḥaye : mi-shu""t ḥeleḳ ḥ""hm ḥ""a niḳra ets hadar / Ḥayim Benveneshet."
2100,Shibole ha-leḳeṭ
1516,"שו""ת הרדב""ז"
1547,ספר השרשים
2087,Pisḳe halakhot
489,Zeh Sefer teshuvot ... David ha-kohen ...
490,Sefer Beer rehovot : beur ... al dikduke Rashi ba-Torah ve-Hamesh megilot hibro ... Ayzik Oyerbakh.
3353,מאמרים יקרים ודברים נכבדים
1350,Tehillim
494,Sefer Hidushe halakhot she-hiber Shemuel Edlish ve-sefer Maharshal Hokhmat Shelomoh she-hiber Shelomoh Lurya.
3177,ספר מאמר אברהם עם קונט' מחזה אברהם וספר זרע אברהם
800,טור אורח חיים ‬
584,Maʼamar ha-Torah ṿeha-ḥokhmah.
477,She'elot u-teshuvot ... ... Mosheh Mints.
905,ראשית חכמה
3178,
461,Sefer Hozeh David : al Tehilim.
1255,שיבת ציון
3121,Otiyot shel Rabi Akiba
462,Sefer Keriah ne'emanah : ve-hu tamtsit ... sefer Maavar Yabok asher kitsarti Shemuel David Otolingi.
463,"Sefer Kis'ot le-vet David asher yasad, izen ve-hiber Yehudah Asahel bar ... Eliezer David Mahtov."
464,Sefer Lehem abirim : ve-hem hidushim mehudashim al kamah masekhtot Avraham ben Azuz ha-mekhuneh ben Borgil ; hugah ... a. y. ... Yitshak Gershon.
2787,""
465,Sefer Lehem Shelomoh : ve-hu beur mafli ve-katsar ... al maamarim ... meha-Gemara u-midrashim ... Shelomoh le-Vet ha-Levi.
466,Sefer Marot ha-tsovot : perush al Neviim aharonim leha-Rav Mosheh Alshekh.
467,Sefer Meharare nemerim : kulam nikbetsu bau lekha kelale ha-Gemara me-mo. ha-r.R. Imanuel ha-Sefaradi u-khelale ha-Gemara meha-r.R. David [ben Shelomoh] ibn Zimrah ve-k.v. [kal va-homer] meha-r.R. Shemuel Alvalensi ... ve.k.v
471,Sefer Peri megadim : al Shulhan Arukh Hoshen Mishpat ve-hayah kol mevakesh makom mekor din bi-nakel ... Shemuel [ben Aleksander].
470,Sefer Olat tamid hibero ve-gam yasdo ha-Rav k.mo.ha-r.R Mosheh Albedah.
2806,
2350,She'elot u-Teshuvot (Solomon ben Jehiel Luria)
640,שלחן ערוך. מטור יורה דעה
747,Masekhet Avot : ʻim perush Yen Levanon : sovev ṿe-holekh ʻal horaʼat ha-shorashim ṿe-hevdelehen ṿe-khaṿanot ha-melitsot ṿeha-meshalim she-hishtamshu ba-hem ha-neviʼim ʻa.h. ʻal derekh she-heḥelunu le-varer ule-laven bi-sefarenu Gan naʻul
603,תלמוד בבלי מסכת בבא קמא
500,Margaliyot tovah : ve-hu perush le-ferusho shel Avraham ibn Ezra [me-et] Shemuel Tsartsa [ve-] Yosef ha-Sefaradi [u-]Shemuel ha-Sefardi Motot.
1955,Talmud Bavli
624,מדרש שמואל
636,מדרש רבות
1806,שער גן עדן
3544,בית משה
587,Hamisha Humshe Torah
607,תלמוד בבלי
635,תורת כהנים
3567,
931,מדרש תנחומא
2083,Arbaʻah ṭurim
23,Sefer ha-Kuzari
615,שאלות ותשובות
597,Taḳanot ha-ḳehila de-ḳahal ḳodesh Ashḳenazim asher be-Amshṭerdam.
1845,טור יורה דעה
1044,Ets Haim
801,שיטה מקובצת
617,קונטרס השמות
1379,שבילי עולם
496,Sefer Leshon limudim she-hiber David Yahya.
596,Mishneh Torah
33,Yosifon
53,הפדות והפורקן ‬
618,"שאלות ותשובות מהרי""ט"
619,תשובות רד''ך
1548,ספר מחברות
609,תלמוד בבלי
1076,Sefer ha-arukh
621,ים של שלמה
836,מסורת סייג לתורה
622,חדושי הרשב״א על מסכת חולין
1807,ריח שדה
3473,Masekhet Berakhot
623,אגודת אזוב
604,שני לוחות הברית
808,אספקלריה המאירה
2084,Sefer diḳduḳ
1844,לוחות
837,דברי דוד
503,"Sefer Yede Mosheh : ve-hu perush Hamesh megilot asher hiber, izen ve-tiken Mosheh Almosnino."
628,Torat ha-Adam
626,"חדושי הריטב""א"
273,ספר שות בית יהודה
601,תלמוד בבלי
627,מסכת מנחות מן תלמוד בבלי
602,תלמוד בבלי
1847,"שאלות ותשובות מהר""ם לובלין"
497,Sefer Marot ha-tsovot : perush al Neviim rishonim leha-Rav ... Mosheh Alshekh.
807,משנה תורה
629,Masoret ha-Talmud
611,צאן קדשים
631,תורת כהנים ‬
632,‫  פרדס הגדול
633,‫  בית אברהם‬
610,פרי תאר
634,בית דוד
612,ספר מנחת שמואל
614,"שו""ת רמ""א ‬"
637,שערי דעה
639,משניות
688,"Sefer Beʼer mayim ḥayim : ... u-bo sheloshah sefarim ... sefer sheʼelot u-teshuvot ʻal seder arbaʻah ṭurim : ṿe-sefer Maʻaśeh nisim, derushim le-khol ḥeftsehem : ṿe-sefer Girsa de-yanḳuta ḥidushe Torah / she-ḥiber Ḥayim Nisim Refaʼel Mutsiri."
802,ים של שלמה
643,ישועה בישראל
989,Masekhet Sanhedrin
678,משמרות כהונה
805,‫  בגדי ישע
149,Ayalah Sheluhah
2835,Mishneh Torah
641,שלחן ערוך.  מטור חשן  המשפט
606,תולדות אדם וחוה
935,"דקדוק אליהו   הלוי האשכנזי, אשר שמו ספר בחור"
820,Ḥamishah Ḥumshe Torah : tiḳun sofrim sapir gizrato / neḥḳar ṿe-nidrash ha-sofer Mikhaʼel Yehudah Leʼon ; ṿe-hugah be-diḳduḳ Elihu Yehudah Leʼon.
686,"Zeh sefer Avot ʻolam : perush ʻal Masekhet Avot ṿe-yiḳare shemah Reḥovot, ki ʻatah hirḥiv H. lanu ... / asher izen ṿe-tiḳen Binyamin ha-Kohen."
873,אמרות טהורות
838,שאלות ותשובות שפת הים
907,סדר הדורות
1352,Makre Dardeke
817,Sefer Bet Yaʻaḳov
1008,"Iosephus Hebraicus div desideratus, et nunc ex Constantinopolitano exemplari juxta hebraismum opera Sebastiani Munsteri versus, & annotationibus atque collationibus illustratus. Continuat autem historias sacras à captivitate Babylonica usque ad praesidem pilatum"
3568,
960,ערוך השלם
1052,Nevi'im Aharonim
961,פרשת דרכים
839,דרכי תשובה
685,Sefer Avḳat rokhel.
1202,משנה סדר נשים
809,שדי חמד
661,Hamishah Humshei Torah
1140,משנת חסידים
945,"Zemah David, bound with Sefer Yuhasin"
847,Sefer Sheʼelot u-teshuvot Beśamim Rosh : misparam shalosh meʼot tishʻim u-shenayim / ṿe-hem leha-Rosh ule-shaʼar gedole ha-rishonim ; asafam Yitsḥaḳ di Molina hevetim el ha-defus ʻim ḳetsat hagahot devarim shel pilpul asher samti mi-tsidam ṿe-eḳram be-shem Kasa de-harsana
810,"שאלות ותשובות מהר""מ אלשקר ‬"
933,שטה מקובצת
941,Bible
932,תקוני הזהר
812,אסיפת זקנים
1314,Masekhet Nazir
1456,הקדמות ושערים \ והוא ענף אחד מהספר לשם שבו ואחלמה
804,עץ חיים
954,בית דוד
1958,Mishneh Torah
1079,מדרש שוחר טוב
1112,ספר מרפא לעצם
2986,Mishnah Seder Zera'im
803,קול שמואל
2085,Teshuvot sheʾelot meha-eshel ha-gadol
819,"Torah, Neviʼim u-Khetuvim"
1168,מגיד משרים
1113,ספר מכלול
1169,גנת אגוז
1422,מטה אפרים
2088,Perush ḥamesh megilot
1420,תקוני הזהר
1963,ספר שאלות ותשובות חינוך בית יהודה
947,טוב לזכרון
948,משנה סדר נשים
1380,מקראות גדולות
1965,מדרש רבה
955,ברכת ראש
776,Sefer Shem ṭov ḳaṭan : ... tiḳune ḳeri ṿe-tefilot de-yamim noraʼim ṿe-shelosh regalim ... / Binyamin Benish ha-Kohen B.sh.ṭ.
3354,תנ''ך תהלים
689,Sefer Beʼer Yaʻaḳov : ʻal Sh. ʻa. ṿe-arbaʻ ṭurim ... u-sheʼelot u-teshuvot / Yaʼaḳov [sic] Berlin ; hashgaḥah ṿe-haʻataḳah shel Yitsḥaḳ Itsḳ Meʼir mi-Faltsburg.
927,נעטי נעמנים. מדרש כונן
852,פירוש התורה
679,אור החמה
2218,seder ha-dorot
858,שער התפילה
450,Sefer Bet lehem Yehudah : mafteah ... li-metso kol maamre Razal meha-Shas asher bau be-sefer En Yisrael
840,ש''ם עולם
695,"Ḥamishah ḥumshe Torah : [Neviʼim Rishonim, Neviʼim Aḥaronim, Ketuvim]."
806,תרומת הדשן ‬
918,Vetus Testamentum hebraicum : cum variis lectionibus
3423,מרי צבי
848,בית אברהם
966,שורש מיעקב
876,מדרש אליהו
662,Arba'ah ve-esrim
813,בית אהרן והוספת
882,עמק ברכה
692,Sefer Bet Shelomoh : ṿe-hu ḥibur sheʼelot u-teshuvot ... / Shelomoh n. Ḥason.
908,כתבי קדש עשרים וארבעה
660,Arba'ah ve-Esrim
911,תורת זבח
877,בראשית
1046,Perush Iyov
892,שמחת לבב
949,יראת ה' לחיים
990,Masekhet Bava Kama
1518,בן אורי
878,"לקוטי הגר""א"
2987,Masekhet Nazir
690,Sipur Bekhi neharot
912,חסד לאברהם
1010,ספר החסידים ‬
1421,גבעת פנחס
963,מקראי קדש
860,"סדר התפלה עפ""י נוסח האר""י ז""ל"
879,פירוש על מסכת אבות
993,ספר דברים מן חמשה חומשי תורה
853,פני יצחק
864,סדר מועד
913,מקדש מלך
880,שארית יוסף
962,סדור תפילה כמנהג ספרד
2219,Shaʻare tsedeḳ
934,"‫  שרשי הי""ם ‬"
1258,תועפת ראם
2630,שאלות ותשובות חינוך בית יהודא
965,Sefer be-Shartei Tzedek
1015,Sefer Matsref la-kesef : ha-mityaḥes le-ḥibur Meʼor ʻenayim
1017,הפרנס
1259,Masekhet Gittin
967,ספר ויקרא מן חמשה חומשי תורה
1257,Masekhet Sanhedrin
950,‫  אמרי בינה ‬
920,"ליקוטי הש""ס ‬"
318,ספר שתי ידות
891,‫  שלחן ערוך ‬מטור חשן המשפט
951,מירא דכייא
926,כתבי קדש עשרים וארבעה
919,סדר הדורות
972,Biblia sacra
1381,שלחן ערוך
343,Pirke Avot 'im pitrono be-lashon ha-kodesh
644,ברכת יהוד ‬
824,Sefer ha-mefoʼar / lehe-ḥakham Shelomoh Molkho.
821,Zeh ha-sefer Binyan Yehoshuʻa : perush maspiḳ ʻal ... masekhet Avot de-Rabi Natan u-masekhet Śemaḥot u-masekhet Derekh erets rabah ṿe-zuṭa u-Fereḳ ha-Shalom : [ʻim perush] / Yehoshuaʻ Falḳ ... mi-toshave ... Lisa ... ben ... Yitsḥaḳ Ayziḳ.
680,דברי נחמיה
581,Sidre tohorah : `al Shulhan `arukh hilkhot nidah
1911,נביאים וכתובים
889,Sefer Ḥidushe halakhot
625,אורים ותומים
814,"תשובות מהרי""ם"
701,Sefer Dameśeḳ Eliʻezer : ʻal Torah Neviʼim u-Khetuvim / Eliʻezer ben Yehuda.
682,שאלות ותשובות
841,נכח השלחן
1816,Halikhot 'Olam
1054,Mivhar ha-peninim
815,Sefer Marot ha-tsovot : perush al Neviim rishonim leha-Rav ... Mosheh Alshekh.
469,Sefer Netivot ha-Shalom.
2282,Neveh Shalom
849,שאלות ותשובות להרב רבינו אשר
3180,
991,Masekhet Sotah
646,תוספות בכורים
1141,אבן בוחן
99,Akeidat Yitzhak
854,עצמות יוסף
881,ליקוטי יקרים
914,פתחי נדה
937,"Sefer Tre Asar im perush Rabi David Kimhi....  Duodecim prophetae cum com[m]entariis R. Dauid Kimhi... à Francisco Vatablo... emendatis, & locorum scripturae passim citatae adnotatione illustratis, nu[n]c primum Lutetiae Parisiorum in lucem editi..."
859,שו''ת מוהר''י מברונא
1025,Be'ur Milot Ha-Hegyon LeHaRamBam Zal
1047,עמוד העבודה
1012,כונת האגדות נקרא כפתר ופרח
1330,"ספר מהרי""ל"
1078,שלחן עצי שטים
866,ספר חסידים
921,מגדנות נתן
1050,Nevi'im Rishonim
1423,חדושי תורה
1114,'ספר שמואל א' וב
969,ספר במדבר מן חמשה חומשי תורה
2790,ספר הכוזרי
893,משניות. סדר נזיקין
2090,Sefer torah or
1960,"Mahazor Rosh Hashanah, Yom Kippur, ve- Sukkot"
2813,ha-Zohar :ʻal ha-Torah / me-ish 'elohim kadosh ha-tana ... Shim'on ben Yoḥai...
1170,מגיני שלמה
1016,מיני תרגומא
2631,תרומת הדשן
1848,שאלות ותשובות מהר''ם לובלין
1018,זכרון יעקב
822,Sefer Hafṭarot ṿe-targum : ... hafṭarot she-nohagim lomar ... ki-yeme tsetenu mi-Mitsrayim ... : bi-shetayim me-hen be-lashon Sefaradi ... .
968,ספר ויקרא מן חמשה חומשי תורה
984,Mahzor Minhag Roma
909,מסכת ערובין מן תלמוד בבלי
1340,Sefer ha-Zikhronot
1024,Ma'avar Yabok ... asher yis'ad ... Aharon Berekhyah ben ... Mosheh MiModenah...
1085,"מאורי א""ש"
2103,Halikhot ʻolam
883,תורת משה
1086,בירך יצחק
1171,יוסף אומץ
2988,Masekhet Sotah
875,Perush ʻal ha-Torah 'al derekh ha-emet
647,טור אבן העזר
867,ספר תהלים
1203,ידיו אמונה
704,Sefer Divre Yosef : ... sheʼelot u-teshuvot / Yosef Ergas b. k. m. ha-r. r. ʻImanuʼel.
681,נודע ביהודה
648,ראש אפרים
2073,ספר ראשית חכמה : הקיצור
1115,ספר ארחות חיים
842,קדשי דוד
3181,Sefer Moreh ḥataʼim ba-derekh
2989,Masekhet Bava Kama
2808,'Olat Aharon
885,Sheʼelot u-teshuvot : ḥeleḳ shelishi
843,נחלת יעקב
262,שאלות ותשובות להרב רבינו אשר זל
1071,ראשית חכמה
938,Perush Hamesh Megilot
3355,משנה סדר נשים
855,אמרי צדיקים
1144,נתיבות השלום
707,Sefer Emunat ḥakhamim
2828,Bible. Psalms. Commentaries (Mosheh Alshekh)
1014,טעמי המצות ‬
894,מגיני ארץ. חלק שני
861,בית הלוי ותורת הבית
915,נתיבות עולם
1331,בית הבחירה
953,פירוש רבנו חננאל על מסכת פסחים
971,"The Pentateuch, Haphtorahs and Prayers for Sabbath"
1087,אהל יצחק
895,לבושי שרד
922,מעשה חייא
825,Igrot : ... hosif gam hu leha-igrot halalu heʻarot ... kol eleh tiheyenah ḥovrot be-tokh maḥberet ha-rishonah / Mosheh Desa mi-Berlin.
98,Abudarham
910,מקדש מלך ‬
896,שבט מוסר
974,
995,שלחן ערוך חשן המשפט
1055,‏ספר הזהר
1034,שלחן ערוך
1019,תשובות גאונים קדמונים
1809,she'elot u-teshuvot ma.ha.r.sha.l.
1261,Masekhet Bava Kama
705,Sefer Eleh ha-mitsṿot ... : taryag. ... niḳbetso ... be-ḥeshbon ṿe-seder.
844,דין אמת
1849,מחנה אפרים
1094,Masekhet Hagigah
1033,‫  שערי אורה
1605,Sefer Toldoth Jitzchag
1260,Masekhet Bava Batra
1332,אהל יעקב
1964,תרומת הדשן
1101,יהגה חכמה
1150,ספר תולעת יעקב
1341,ברכי יוסף ‬
2092,Arbaʻah ṿe-ʻeʹsrim
1142,סדר נביאים הראשונים
1072,אהבת יהונתן
939,מורה נבוכים ‬
845,תוספי הרא״ש
856,לוית חן
683,Sefer Netivot ha-shalom : ṿe-hu ḥibur kolel ḥamishat ḥumshe ha-torah ʻim tiḳun sofrim ṿe-targum ashkenazi u-veʾur.
863,פרשת דרכים
851,משנה למלך
684,Hamisha Humshe Torah
709,Sefer Gilgule neshamot
1850,טירת כסף
1147,כלי יקר
1176,Meʼir nativ : ha-niḳra ḳonḳordanśyaś ..
351,Devek Tov
1172,אהבת דוד
3356,ספר אגרת הקדש
1614,Hamishah Humshe Torah
3276,Leḥem Mishneh
887,She'elot U-teshuvot
827,Sefer Leshon ḥakhamim / huvʼu le-vet ha-defus ʻal yede David Naḥum ha-Kohen.
2221,Shaʻare orah
2091,Sefer Maḥberot ʻImanuʾel
1091,Bible. OT. Venice/Biblia Rabbinica (Unknown ed.)
3603,Sefer Pene Mosheh. Helek 2 mi-sheʼelot u-teshuvot.
996,נדחי ישראל
713,Sefer ha-ḳanah : ʻal ha-mitsṿot / ha-meḥaber baʻal Sefer Peliʼah.
923,עין משפט
857,סדור דרך החיים
897,"קובץ תשובות הרמב""ם ואגרותיו"
714,Haḳdamat Sefer Eshel Avraham
1966,ספר והזהיר
1035,פירוש על התורה
1116,מאמר מרדכי
2632,מדרש רבה. ויקרא
1143,ספר מוסר מלכים
2990,Masekhet Hullin
1204,ספר הישר
997,רוח חיים
1056,ספר המצות
1088,עיר דמשק אליעזר
1424,לבוש האורה
1057,סידור
868,שלחן ערוך מטור אבן העזר
998,חפץ חיים
1426,מסכת אבות
1128,ספר חסידים
828,Sefer Maʻaśeh rav : ṿe-hu perush ʻal maʼamre Rabah bar Bar Ḥanah be-fereḳ ha-Sefinah be-derekh Pardes
1784,Haggadah
1145,ספר האשכול
1173,צמח צדק
1333,מדרש רבה
1129,מדרש רבה
1073,ספר המכריע
1103,אהל יצחק
1083,עקידת יצחק
1342,Kore ha-Dorot
862,סדר תפלה
1102,קיצור שני לוחות הברית
1151,מסכת הלכה למשה מסיני
1156,מאמר יונת אלם
916,מקדש מלך
1427,ערבי נחל
1425,עין יעקב. חלק רביעי
1230,"Hebraica Biblia, Latina planeque nova Sebast. Munsteri tralatione(!), post omneis omnium hactenus ubiuis gentium aeditiones euulgata, & quoad fieri potuit, hebraicae ueritati conformata: adiectis insuper e Rabinorum comentarijs annotationibus haud poenitendis, pulchre & uoces ambiguas, & obscuriora quaeque elucidantibus..."
2815,Zohar
328,ספר יפה מראה / יופי מכלל
898,ספר הגלוי
977,[תורה נביאים וכתובים]
514,Masekhet Rosh Hashanah
526,Masekhet Shekalim
699,Sefer ha-Magid : ʻim perushi. u-leshon Ashkenaz Agudat Shemuʼel ... / Shemuʼel beha-Rav Mosheh Dlugaṭsh.
1385,מסכת ראש השנה מן תלמוד בבלי
2823,Hamisha Humshe Torah
716,"Sefer ha-zikhronot ... : ha-devarim ha-reʼuyim, li-gedolim ṿeli-ḳeṭanim ... liten lev ʻalehem ṿe-ʻal tiḳunim."
3163,Targum shel divre yamim
1244,Talmud Yerushalmi
502,Perush al ha-Torah she-hiber Avraham Saba ve-kara shemo Tseror ha-mor ; meyusad al peshat ha-Torah u-ketsato al derekh ha-nistar u-maamre sefer ha-Zohar ve-kabalah ve-inyanim aherim mi-divre Razal.
717,Ḥidushe Ḳidushin leha-Rashba
999,מדרש תנחומא
1058,מזרחי מערבי
1334,עוללות אפרים
1089,כפי אהרון
1117,תולדות אדם
1022,Sefer ha-'Ibur shehiber ... Avraham bar Hiyyah Hanasi
1146,בית חורין
1392,חמשה חומשי תורה
1174,חדושי הרמב''ן
1130,מדרש רבה
1851,שורשי הים. חלק ב
1355,Sefer Shevet Musar
1036,"חדושי הריטב""א"
1205,פתרון חלומות
1152,אבן ספיר והוא ציון במשפט
830,Otiyot de-Rabi ʻAḳiva.
2222,Torat ha-'olah
1037,ספר אור החיים
1157,ספר נחלת אבות
1179,מגיני ארץ
917,עוללות אפרים
924,Masekhet Ketubot
1232,מגן גבורים
2991,Masekhet Arakhin
1180,אור הגנוז ‬
1428,הלכות רב אלפס
2633,והזהיר
1239,Masekhet Nedarim
1190,ספר חקי האלהים
1810,Shevet mi-Yisrael
1153,סדר נזיקין
2165,Rav Alfas
722,Sefer ʻikarim
1131,משניות . סדר זרעים
978,Itinerarium Beniamini Tudelensis
2109,Bible. Commentary (Bahya ben Asher)
723,Sefer Ishe H. : ... Hilkhot ha-Ramban ṿe-ḥidushe ha-Riṭba ʻal masekhet Nedarim : u-Nimuḳe Yosef le-masekhet Ketubot u-Nedarim ...
1023,"Lehem Setarim... Perushim Vetsiyunim al Masekhet AKU""M"
3092,Sifre zikaron torat Mosheh
1118,בירת מגדל עז
2992,Masekhet Temurah
1031,"Dictionarium Hebraicum, nunc primum aeditum & typis excusum, adiectis chaldaicis vocabulis non parum multis"
1059,ספר צבי קודש
486,Tsafnat paneah hadash
1006,Masekhet Bekhorot
1000,Tsemah David
1356,מחברת מנחם בן סרוק: Wörterbuch von Menachem ben Seruk nach einem Manuscripte der K.K. Hofbibliothek zu Wien ... von Simon Deutsch
1206,מאמר האחדות
1233,‫  שבות יהודה
2166,He lakhem zeraʻ li-tsedakah : Pesaḳim
518,Masekhet Hagigah
1967,"תנ""ך תרי עשר"
1181,מדרש אגדת בראשית
3146,Sefer tehilim
1132,"ספר הפרד""ס"
1384,מעשה חשב
1158,ספר צוף דבש
1785,Haggadah
1235,חקרי לב
1191,ספר דברים
1458,Peri Hadash 'al Orah Haim
1007,Masekhet Menahot
1223,מנחת יעקב: וזאת תורת החטאת והמנחה והשלמים ... כולו על ספר תורת חטאת
2570,Masekhet Betzah
1429,עין יעקב. חלק שלישי
1231,"Psalterium, Hebraeum, Graecum, Arabicum, &  Chaldaeum, cum tribus latinis interpretationibus & glossis"
1520,חמדת ימים
1606,Sifra de-Adam Kadmah...Raziel ha-Malak
3096,Sefer ha-magid mi-neviʾim aḥaronim
1393,מסכת ברכות מן תלמוד בבלי
1234,ספר הכונות
1386,פני יהושע
1852,משנת רבי אליעזר
1335,אור פני משה
1854,Menorat ha-Ma'or
1245,Seder Tohorot
2283,Sheʾelot lehe-ḥakham Shaʾul ha-Kohen shaʾal meʾet Yitsḥaḳ Abravanʾel
1133,"תשב""ץ"
979,Sefer Tehilim
1786,Hagadah shel Pesach - Orden de la Agudá de Pesah
1971,Iosuae imperatoris historia
1818,Hidushe ha-Torah
725,Sefer Kaṿanat Shelomoh : ʻal sod ha-tefilot ... ke-minhag ḳ.ḳ. Iṭalya / Shelomoh Roḳḳah.
1001,Meʼir Iyov.
1246,Mishnayot Meseder Zeraim Im Peirush Hanesher Hagadol Rabbeinu Moshe
1032,Dialogi d'amore
1193,משנה סדר טהרות
2993,Masekhet Bekhorot
1192,משנה סדר זרעים
1119,שפע טל
1236,המעלות לשלמה
3110,Historia Jeschuae Nazareni
1148,ארצות החיים
506,"Talmud. Zevahim, Bekhorot"
1178,Masekhet Giṭin
1297,Talmud. Nidah
460,"Sefer hazon la-moed : perush nehmad ve-naeh, yafeh af naim, al Daniyel asher hiber ha-rofe ha-muvhak he-hakham ha-shalem k.m. ha-r. R. Shemuel y. ts. v. b. he-h. R. Yuda Valerio."
1154,עין יעקב
1207,דבר אליהו
1336,ימין משה
1159,תיקון סופרים
1149,שער התפלה
430,Bo sefer torat mosheh hevro ha-rav Mosheh Alshikh
1387,מדרש רבות
1861,Mishnayot Seder Zera'im \ Bartenurah \ Tosafot Yom Tov
1182,יפה ללב
1100,Masekhet Hulin
1247,Masekhet Temurah
981,Masekhet Kiddushin
1288,יד אהרן
727,Sefer keritut / she-ḥiber Shimshon mi-Ḳinon. ʻIm Teḥilat ḥokhmah / ṿe-hu ḥibur Yaʻaḳov Hagiz.
3545,"שו""ת בית חדש החדשות"
1183,זרע ברך שלישי
728,Sefer Keritut / she-ḥiber Shimshon mi-Ḳinon. Sefer Teḥilat ḥokhmah / liḳeṭ Yaʻaḳov Ḥagiz.
1265,Masekhet Shevuot
2429,"Shu""t Sefer Yehoshu'a"
1242,Masekhet Sotah
729,Sefer ḳol ha-Remez : perush ... ʼal ha-Mishnayot u-pe. le-perushim shel ... 'Ovadya. me-Barṭenurah ... ha-T.Y.Ṭ. ... ha-R.M.B.M.
1912,"שאלות ותשובות הרשב""א המיוחסות להרמב""ן"
2121,Even bohan
2610,Tehillim
1264,Masekhet Shevuot
3085,Hilkhot berakhot
2284,Derashot ʻal ha-Torah
3600,Yesh nohalin
3604,
2354,"כנור נעים : כולל שירים ומצבות לרשד""ל \ Poesie ed Epitaffii di Samuel David Luzzato ..."
1383,Be'er Rehovot
788,Tsaṿaʼot ha-gaʼon ha-gadol ha-mefursam mo. ha-r. R. Naftali ha-Kohen zatsal : ṿe-hi le-yasher ha-adam la-ʻavodat borʼo ...
1295,תעלומות ומקורות החכמה
2548,Shulhan Arukh. Orakh Haim. Be'er Hetiv.
2596,Hilkot Rav Alfas
1134,חמשה חומשי תורה. ויקרא
1289,תהלים
3605,
1521,Bet Yaʻaḳov esh : beʼur ... ʻal sifra de-Iyov ..
732,Ḳunṭres haśagot : ʻal sidur Shaʻare Tefilah shel Zalman Hena
737,Mafteḥot ha-Zohar : ṿe-hu mafteaḥ zahav ṭahor neḥmad ṿe-naʻim ṿe-rav ha-toʻelet le-lomde sefer ha-Zohar ...
2838,Mishle im Targum Yonatan
1208,Masekhet Sukkah
1194,ספר חובת הלבבות
734,Luah eresh: perush ha-tefilah
1281,"Tsel ha-'Olam (Dilkarut, Mattistahu)"
1240,Masekhet Nedarim im Sheloshah Peirushim Shonot
1120,דרושים נאים
1238,בית דוד
3357,דרך תבונות
1155,ספר חרדים
3277,Commentarius in prophetiam Habacuc
1237,שערי האמונה
1063,Perush Mishna Avot
1121,עיר גבורים : בראשית
2112,Sefer Kad ha-ḳemaḥ
1430,זכרון זאת
1160,ספר זכרו תורת משה
1241,Pirkei Avot
1262,Masekhet Makkot
1184,Masekhet Bekhorot
1209,יסוד יוסף
1266,Pirkei Avot
1357,חקר אלוה חלק שני מספר מר דרור ... מרדכי סלאנימסקי
1195,מאזני לשון הקדש
1459,Yalkut ha-Torah / Yalkut Shimoni
1002,Perush 'al Nevi'im Rishonim
1005,Masekhet Temurah
1210,ברית אברהם
696,Ketuvim ve-hem tehilim mishle ʼIyov Daniʼel ʻEzra ve-divre ha-yamim / ha-motsi ṿeha-mevi Daṿid Nuneś Ṭores.
1243,"Masekhet Beitzah, Sotah, Hagigah, Bekhorot, Avot, Horayot, Me'ilah, Kinim, Tamid, Sofrim, Berakhot, Megillah, Hahilkhot Ketanot, Ketubot"
1185,Masekhet Horayot
1248,Masekhet Shabbat
605,מסכת גיטין מן תלמוד בבלי
484,Maʻaśeh rav : ... ṿe-ʻod nosaf ʻalaṿ devarim yeḳarim mi-sheʼelot u-teshuvot geʹone yeshishi ʼerets
1217,ספר שבחי ר' חיים וויטאל
1337,פירוש הטור על התורה
2285,Iggeret...Behinat 'olam
1913,תנ''ך. מלכים
1394,שלום ירושלם
3067,Ḥamishah ḥumshe torah
1460,משניות מסדר טהרות
2227,Hoshen ha-mishpat
1787,Yad Aharon
1517,"חדושי הלכות מהר""ם ברבי"
980,Commentarium Hebraicum Rabbi D. Kimhi in decem primos Psalmos Davidicos
3424,אגור
1127,עין יעקב
1277,שבט יהודה
512,Masekhet Shabbat
743,Sefer Midrash Pinḥas : ... maʼamre R. b. B.H. ṿe-Save de-ve Atuna.
1004,Sefer ha-Rokeah
1196,ספר הישר
2653,Masekhet Rosh Hashanah
741,Sefer Meḳor ḥokhmah : ... le-havin ... mi-peshaṭe ha-Zohar ... / Yiśakhar Ber ben Mosheh Petaḥiah.
1106,ספר פענח רזה
3278,Hadriani Relandi Analecta Rabbinica
1300,Mishneh Torah
1161,קיצור מספר חיי אדם
1914,ספר משלי
1285,Masekhet Keritot
3358,שערי תשובה
1123,שלחן ערוך. אורח חיים
1273,"Masekhet Meilah, Kinim, Middot, ve-Tamid"
1249,Massekhet Rosh Hashanah
2994,Masekhet Keritot
1250,Masekhet Eruvin
1267,Pirkei Avot
608,תלמוד בבלי
2355,Darkhe ha-Gemara
3606,
1416,עין יעקב
1212,חבש פאר
1362,Shenem 'asar derashot
1316,Masekhet Zevahim
1213,Mishnayot Meseder Zeraim Im Peirush Hanesher Hagadol Rabeinu Moshe
1211,Seder Taharot Im Peirush He-hakham Hagadol Rabenu Moshe bar Maimon
3607,פרי חדש
481,Shulhan arukh : mi-Tur Even ha-ezer ; Shulhan arukh mi-tur Hoshen ha-mishpat ; Shulhan arukh mi-Tur Yoreh deah ; im hidushe dinim [me-et] Mosheh Iserles ... ve-nitvasef bo mareh makom ...
1269,Mishnayot Meseder Kodashim
1358,"מנחת קנאות .. אבא מארי משה ב""ר יוסף הירחי דון אסתרוק מחכמי לוניל ...במונפליע"
1419,שלחן ערוך מטור אורח חיים
1274,Talmud Bavli
1218,ברכות מנחם
1186,Masekhet Menachot
742,Metsits u-melits : teshuvah nitsaḥat ... leha-tsadiḳ et Neḥemyah b. R. Barukh ha-Kohen me-ʻir Ferarah / [Mordekhai ben Yaʻaḳov Tsahalon].
2655,Masekhet Bava Batra
1409,תורת יקותיאל
1272,Masekhet Arakhin
479,"Sheelot u-teshuvot : 121 simanim, im bakashot ve-tefilot, hasagot al Sefer ha-Amanot."
1122,מסכת גיטין
1444,סדר זמנים
1361,Galut Yehudah
1434,ספר שבר בת עמי
2114,Mishnah. Commentary. (Maimonides)
1462,מגילת ספר
1290,תהלים
1278,שערי תשובה
1363,הריף חלק שני
1370,ספר הברית השלם
2123,Mivhar me-osher
1432,"Discorso circa il stato de gl'Hebrei, et in particolar dimoranti nell'inclita città di Venetia"
1256,Masekhet Avodah Zarah
1271,Masekhet Temurah
1435,תורת חובת הלבבות
1437,מסלת ישרים
1443,תועליות הרלב׳׳ג
1124,Masekhet Shevuot
1219,עין יעקב חלק רביעי
1107,אבודרהם
1292,משניות
1329,עין יעקב. חלק חמישי
744,"Sefer Yefeh ḳol : midrash Shir ha-shirim, ʻim perush ... / she-ḥiber Shemuʼel Yafeh Ashkenaz ; hibro al bet ha-defus Hayyim Abulafiya."
1609,Darchei Ish
2743,Arba'ah Turim
731,Sefer Ḳore ha-dorot : ... shalshelet yuḥasin me-rabanan savurai ʻad zeman ha-rav ha-maḥaber / heviʼu le-vet ha-defus Daṿid Ashkenazi.
1162,Sha'agat Arieh
1366,מסכת ברכות
746,Milḥemet ḥovah : ... be-milḥamtah shel Torah ... / maʻaśeh yede Mosheh ; ṿe-samukh lo tokhaḥat megulah mi-Mahari Ḳimḥi u-veno u-Maharash bar Tsemaḥ ; [Reʻamim u-reʻashim me-et Yitsḥaḳ Ashkenazi ; ʻim haḳdamat sefer Selaʻ ha-maḥloḳet me-Avraham Roman].
2742,Sefer Mishle im Perush
1252,Masekhet Ketubot
1371,פי צדיק
1438,צורת בית המקדש העתיד
1197,ספר בחינות עולם
1433,Liber Juchassin sive lexicon biographicum et historicum...compilatum ab illustri Rabbi Abraham Zacuti...accedunt notae copiosissimae Rabbi Jacobi Emden
1268,Masekhet Horayot
3608,"שאלות ותשובות רמ""ץ"
1302,Arba'ah Turim
1279,החלוף
1291,כתבי קדש עשרים וארבעה
501,Sefer Reshit daat asher hiber Mosheh Albeldah.
1447,תולדות יצחק
745,Sefer Mikhlol yofi : hofiʻa or ha-Torah le-havanat ha-niḳra bikhlal / asher ḥiber ha-ḥakham ha-shalem k.ha-r.R. Shelomoh Ibn Melekh z.l. ; ʻim tosefet Leḳeṭ shikheḥah asher hosif ʻalaṿ li-shlemut ha-melʼakhah Yaʻaḳov Abendanah.
952,שפת הים
1397,Sha'ar ha-Gemul
3609,שער הכונות
1364,מצות השם
1410,נתיבות המשפט
1399,Perush ha-Torah
1365,עבודת ישראל
1431,מחזור חלק ראשון כמנהג ק׳׳ק רומה
1065,Masekhet Nazir
1916,Neviʾim Aḥaronim
1415,Rabbenu Bahya 'al ha-Torah
1463,מגילת ספר
1439,מלאכת הקדש
1406,Sefer Levushim
3614,Sefer Sam haye
1372,חזון נחום
1436,ספר כתובים
2116,Mekhilta
1610,Sepher Sephath Emeth
1413,Nahar Pishon
1378,Masekhet Bava Batra
2229,Bible. Pentateuch. Commentaries
355,ʻAḳedat Yitsḥaḳ
2858,יפה מראה
1339,Bet Midot
2290,Talmud. Taʻanit
1125,Massekhet Yoma
1373,שלחן ערוך מטור אורח חיים
3124,Clavis Talmudica maxima
1198,תולדות אדם
1408,רבי לוי בן גרשום: פירוש על התורה
1283,מורה נבוכים ... פירוש שם טוב ... ופירוש אפודי ... והוספנו על הראשונים פירוש ן' קרשקש
752,Orah ṿe-śimḥah : ṿe-hu ḳunṭris ḳaṭan ha-kamut ṿe-rav ha-toʻelet el naʻare bene Yiśraʼel ... la-ʻavodat yeme ha-Purim ... .
1275,Masekhet Keritot
1188,Sefer ... Sh. u-t. Mahari mi-Ṭrani
1930,Mishneh Torah
750,Sefer Niflaʼot ḥadashot : ... peshaṭ ... remez ... derushim ... sodot / [Noaḥ Mindes] ; ḥidushim min Shimshon Osṭropoler.
1448,שאלות ותשובות
2996,ʻEts Yosef
1216,Masekhet Sotah
1440,"שו""ת הרדב""ז"
1859,Talmud Yerushalmi : Sedeh Yehoshu'a
1280,תמימי דרך
1287,"הזהר על התורה ... והגהות מהרח""ו ומן ר""מ והרמ""ז ... והוספנו ... פירוש כסא מלך"
753,Zeh sefer Or ʻenayim.
749,Sefer Nagid u-metsaṿeh : yagid kol ha-minhagim ṿe-kaṿanat aśiyat ha-mitsṿot / asher asaf Yaʻaḳov Ḥayim Tsemaḥ mi-kitve Ḥayim Ṿiṭal ; [u-Nevuʻat ha-yeled le-Naḥman Ḳeṭofah].
1220,כתבי הקדש עשרים וארבעה
3279,Catalecta Rabbinica
1294,Hidushe Gemara
748,"Sefer ʻEts avot : ... pe. ha-Rav Barṭenura, T.Y. Ṭ ṿe-Leḥem shamayim ... Leḥem niḳudim."
2637,Sefer ha-Mizrahi
2289,Sh.u.t. Mikhtam le-David
1612,Yad Aaron on Orach Chayim
1811,Masekhet Menahot
498,"Sefer Masoret ha-masoret : le-havin ule-horot, le-anshe ha-dorot, derekh baale ha-masorot, be-kitsur leshonam, ve-hidotam ve-simanam, be-rashe tevot uve-notarikon, le-khulam asah tikun, nidpas bi-Venesyah ha-birah, be-vet ha-sar Daniyel"
1411,מאמר קדישין
1863,"Flauij Josephi, dess hochberühmpten jüdischen Geschichtschreibers, Historien vnd Bücher: von alten jüdischen Geschichten/zwentzig/sampt einem von seinem Leben : vom jüdischen Krieg/vnd der Statt Jerusalem endtlicher Zerstörung"
1972,Mishneh Torah
1449,בית מועד
499,"Sefer Tov taam hibro R. Eliyahu ha-Ashkenazi ha-medakdek y. ts. b. k. mo. R. Asher ha-Levi zal : be-viur dine ha-teamim u-mishpatam' bi-khelalam u-feratam, devarim asher ad henah lo nishmeu, umile-fanim lo nodeu, ve-khol ha"
1412,משנת רבי אלעזר
1790,שני לוחות הברית
2657,Masekhet Pesahim
1450,שושנת העמקים
1925,Midrash Rabot 'al ha-Torah ve-hamesh megilot: Matnat Kehunah
1788,חכם צבי
1812,"ארבע נביאים ראשונים : ... יהושע, שפטים, שמואל, מלכים ... עם המפרש ... רבינו דוד קמחי ..."
1611,Sefer Kizzur Zizat Nobel Zebi
2117,Lekah tov
2230,Bible. Writings. Commentaries (Rashi)
3466,חובות הלבבות
1789,בתי כנסיות
3612,לבוש עטרת זהב
2124,Sefer Tsaḥut ba-diḳduḳ
3615,
2702,"Masekhet Niddah, Keilim, Ohalot, Negaim, Parah, Toharot, Mikvaot, Makhshirim, Zavim, Uktzim, Tevul Yom"
1617,Nora Tehillot
1374,משניות
1126,Masekhet Yoma
754,Sefer Or neʻerav / Mosheh Ḳordoṿiʼero.
758,Sefer Parashat derakhim / Yudan Rozanes.
755,Sefer Or pene Mosheh / asher ḥiber Mosheh b. mo. ha-r. R. Avraham.
736,Sefer Maʻaśeh Roḳeaḥ : sovev holekh ʻal divre ha-Rambam le-sefer Mishneh Torah / asher ḥibarti ani Masʻud Ḥai b.l.a.a. Aharon Raḳa.̈
1452,משניות מסדר נזיקין
3359,חמשה חומשי תורה ספר במדבר
1899,Neviʾim Rishonim / ʻim ha-mefaresh
1221,ליקוטים מרב האי גאון
1791,משניות. סדר טהרות
1069,Mahzor Minhag Roma
3613,"שער מאמרי רשב""י"
770,Sheʼelot u-teshuvot ʻAvodot ha-Gershuni. Ḥeleḳ 1 / she-ḥiber Gershon Ashkenazi.
1638,Shivchei Todah
1657,Mahzor mikkol ha-Shanah
988,Talmud Yerushalmi Masekhet Shekalim im Peirush HaMishnah MehaNesher HaGadol Rabbeinu Moshe
759,Sefer Pene Aryeh. Ḥeleḳ 1 : Mi-she'elot u-teshuvot u-fesakim u-ve'urim
1815,Nevi'im Rishonim
760,Sefer Peri ʻets ḥayim : mishpaṭim yesharim bi-teshuvot ... ha-Rambam ṿe-Rabenu Baʻal ha-Ṭurim ... derushim ʻal ha-Torah ʻim haḳdamot meha-rashaf ... / hekhino Ḥayim Avigdor.
756,Sefer Or Yiśraʼel : ... mi-sheʼelot u-teshuvot ... / Yiśraʼel ben ʼEliʻezer Lipshits.
2419,Perush ha-Mishna la-Rambam
1222,ספר ילקוט ראובני על עונג שבת
1441,תורה אור
1319,Masekhet Bekhorot
1618,"Compendium of the Order of the Burial Service, and Rules for the Mournings. Compiled by Desire, and Published on Account of the Hevra Hesed Ve'Emeth of the K""K Sephardim Shearith Israel"
3610,שאלות ותשובות מאיר עיני חכמים
1607,"Ekhah, Ruth, Esther, Daniel, Ezrah-Nechemyah, Divrei ha-Yamin"
936,Sefer Tehilim
1081,"חשן המשפט ... עם פירוש וחידושי הגאון ... כמהר""ר יוסף קארו ... בית יוסף"
1321,Masekhet Arakhin
2294,Talmud. Pesahim
1619,"Seder Chanukath HaBayith... Order of Service to be Performed at the Consecration of the Synagoge ""The Gates of Prayer,"" Wooster Street, New York"
3425,שאלות ותשובות שאגת ארי
1323,Masekhet Menakhot
3126,Miḳra
2603,Perushe ha-Torah
2233,Bible. Commentary (Bahya ben Asher)
1067,Sefer Ikarim
2126,Sefer ha-yashar
1164,שאלות ותשובות עבודת הגרשוני ... שחיבר הרב ... גרשון אשכנזי
1097,Masekhet Zevahim
3125,"Josephus ben Gurion id est: Josephus Gorionides, sive Josephus Hebraicus"
2568,Neviim Ahronim. Comm: David Kimhi
1793,כתנות אור
1792,חמשה חומשי תורה. ספר במדבר
1865,Reishit Hokhmah
1799,מחזור \ עם כוונת הפייטן מנהג פולין
2236,Menorat ha-maʾor
3611,עולת שמואל
1801,האמונה והביטחון
2859,פירוש התורה
1867,Yerushalmi. Korban ha-'Edah
2870,
2885,Ma'amar ha-Sekhel
985,"Talmud, Masekhet Yevamot"
2853,Sefer ha-ḥayim :
513,Masekhet Rosh Hashanah
765,Sefer Orḥot tsadiḳim : ... tsadiḳ yadaʻ le-hokhiaḥ leha-beriyot be-ahavah ... / le-ʻet ziḳnati harʻone raʻyoni le-haʻatiḳo bi-leshon Ashkenaz ha-maʻatiḳ ṿeha-mevi li-defus Shelmoh Zalman London.
766,"Sefer Yetsirah, id est, Liber Iezirah qui Abrahamo patriarchae adscribitur : unà cum commentario rabi Abraham f.D. super 32 semitis sapientiae, à quibus Liber Iezirah incipit / translatus & notis illustratus à Joanne Stephano Rittangelio."
2636,Ḥamishah ḥumshe Torah : ʻim Targum Onḳelos ṿe-Ḥamesh megilot
1900,Neviʾim Rishonim
1070,Da'at Zekenim - Minhat Yehudah - 'Afar Ya'akov
3360,ערוך הקצור
764,Sefer ha-Emunah ṿeha-biṭaḥon
3616,Sheyare Keneset ha-gedolah mi-Tur Yoreh deʻah
1794,ביאור הערוך
3182,ספר הלכה אחרונה וקונטרס הראיות
1933,Teshuvot sheelot le-rabenu Mosheh bar Nahman
1881,Mishnah. Nashim
1889,Talmud Bavli. Multiple Volumes. (incomplete)
2704,She'iltot / Ha'emek She'elah
3127,Seyag la-torah
1623,Nehar Pishon
1820,Tur Yoreh Deah
762,Seder ha-dorot
1624,Kitzur Piskei Ha-rosh
763,Seder ha-haʻarakhah veha-han[ha]gah : she-ḳiyamu ve-ḳiblu ʻalehem bene ʻir Manṭovah ... / ʼanshe ha-ṿaʻad ha-kelali.
3183,ספר חכמת היד
1625,Haggadah shel Pesah (and) Zebah Pesah
1626,Tehilah le-David
1627,Keter Torah
1628,Midrash Tehillim
768,Sefer Sheʼelot u-teshuvot Beśamim Rosh : misparam shalosh meʼot tishʻim u-shenayim / ṿe-hem leha-Rosh ule-shaʼar gedole ha-rishonim ; asafam Yitsḥaḳ di Molina hevetim el ha-defus ʻim ḳetsat hagahot devarim shel pilpul asher samti mi-tsidam ṿe-eḳram be-shem Kasa de-harsana / ani Shaʼul ben Tsevi Hirsh.
1840,Midrash Rabot 'al ha-Torah ve-hamesh megilot
1325,Masekhet Temurah
2431,Talmud. Menahot
1604,Sefer Miklol: Helek ha-Dikduk
771,Sefer Ḥayim Shaʼal : ṿe-hu ... teshuvot …
1629,Tosafot al Semag
3280,"Bibliotheca magna Rabbinica de scriptoribus et scriptis hebraicis, ordine alphabetico Hebraicè, & Latinè digestis"
1095,"Masekhet Arakhin, Masekhet  Meʻilah."
2706,Ḥidushe hilkhot Rashba.ts. ʻal masekhet Ketubot ṿe-Giṭin.
2863,Hok Ya'akov
1020,Mahzor le-Arvit le-Yom Kippur...'im Shir Yihud...Meduyak Heyteyv umevu'ar
1975,חמשה חומשי תורה : עם התרגום וחמש מגילות והפטרות
677,"Biblia Hebraica : ad optimorum codicum et editionum fidem recensita et expressa adjectis notis Masorethicis aliisque observationibus, nec non versuum et capitum distinctionibus, numeris et summariis accurante"
1630,Mishneh Torah
1653,Lehem Yehudah (and) Derush al ha-Neshamah
1826,תנ׳׳ך. נביאים אחרונים עם  ... [עם פירוש ר’] דוד בר יוסף בן קמחי
1934,Sefer ha-tapuaḥ ṿe-sefer ha-nefesh
1915,‬אבן העזר...עם פירושי וחדושי... ר’ יוסף קארו... וקרא שמו בית יוסף
1631,Teshubot She'elot
1634,Sefer ha-Mahbarot
772,Sefer Pene Mosheh : sheʼelot u-teshuvot / Moshe Benveniśt.
1833,Rabenu Baḥya :beʼur ʻal ha-Torah
1084,מראות הצובאות
1382,מסכת חולין
1632,Hassagot shel ha-Ramban al Sefer ha-Mizwot
1828,חין הערך
457,"Sefer ha-hinukh : yavo'u vo ha-613 mitsvot, yesod Torat Mosheh u-nevuato ; me-nimukan shel gedole olam : ha-Rif veha-Rambam veha-Ramban : mesudarot al pi seder ha-parashiyot ... ."
1829,שערי חיים
1633,Lekach Tov
1883,Mishnah. Kodashim \ Bartenura \ Tosafot Yom Tov \ Tosafot ḥadashim \ Rishon le-Tsiyon
2128,Mozne leshon ha-ḳodesh
1376,Masekhet Horayot and Sh'vuot
1795,"תנ""ך .תהלים"
1635,Menorath Hamaor
2251,Masekhet Berakhot
2175,Rav Alfas
1950,ספר ילקוט ראובני על עונג שבת
1636,Shoresh Yishai
1946,Sefer ha-Diḳduḳ
2359,Maḥazor ke-minhag Ashkenazim
1836,Menorat ha-Ma'or
1918,Maḥzor tefilot kol ha-shanah
591,Get Pashut
2191,Birkhot Maharam
2296,Talmud. Yoma
1640,Ranu LeYa'akov
769,Sefer Ḳol Eliyahu : ... ʻa. s. arbaʻah ṭurim …
2864,Die Rabbiner-Versammlung und ihre Tendenz
775,Sefer Shem ha-gedolim : helek 1 ... Shalshelet Yuhasin mishpehot sofrim ... ve-nosaf Va°ad le-hakhamim helek 2 ... / me-et Hayim Yosef Daòvid Azulai.
2129,Diḳduḳim eleh hem arbaʻah ḥiburim
773,Sefer Sheʼelot u-teshuvot ha-Remez / Mosheh b.k.ha-r. Mordekhai Zakut ... hogah...Gad ben Shemuʼel Foʼah.
1647,Perush Hamesh Megillot Tehilim Mishle Job Daniel Ezra Dibre ha-Yamin
774,"Ḥeleḳ sheni mi-sefer Naḥalat shivʻah ha-niḳra Teshuvat sheʼelot / asher ḥiber Shemuʼel ben Daṿid Mosheh, ha-Leṿi."
1404,Mishna
1643,Rinnah u-Tefillah
1641,Sepher Avodath Mikdash
1834,Menorat ha-Ma'or
1082,שאלות ותשובות ... לוי ן' חביב
1962,Mishle Shelomoh ben David
2740,Sefer Mitsvot Gadol
613,צלח ... והוא ציון לנפש חיה
1644,Seder HaMizmorim
1976,ספר מלחמות השם : הוגה והורם סולת מתוך ספרי ארסטו ושאר פלוסופי
1978,Zohar Ḥadash
2819,Ḥinukh beḥire Ya
480,Sheelot u-teshuvot ha-shayakhot be-Tur Orah hayim uve-Yoreh deah ... Hoshen ha-mishpat Shemuel di Medinah.
1649,Sefer Chasidim
2299,Bible. Psalms. Commentaries (Samuel Aripul)
3617,Sefer Sefer halakhot ketanot: helek rishon ve-sheni mi-sheʼelot u-teshuvot
1830,ארעא דרבנן
2173,Sheʾelot u-teshuvot (Yosef Colon)
1797,שרש ישע
3184,זהורי חמה על מגלת אסתר
1645,Sukkah
1874,"Torah, Nevi’im Ketuvim"
2762,Kohelet Ya'akov
2542,Shulhan arukh. Hoshen ha-mishpat
3185,סידור. סדר תפלה
1455,פירוש על נביאים ראשונים \ דון יצחק אברבנאל
3426,שערי תפילה
1646,"Psalterium, Hebraeum, Graecum, Arabicum, & Chaldaeum, cum tribus latinis interpretationibus & glossis. Tehillim Ibri Yevanni Arabi im Targum u-Sheloshah Targumim me-Latin im Perushin"
2176,Hoshen ha-mishpat
138,Rabbenu Baḥya : beʼur ʻal ha-Torah
2298,Bible. Ecclesiastes. Commentaries (Elisha Gallico)
1796,"תנ""ך. ישעיה"
474,Sefer Yemin Mosheh : asher hiber ha-hakham ha-shalem ... Mosheh ben ha-hakham ha-nealah yare Elohim ... Yosef Venturah mi-Tivoli ... ve-hem hagahot al ha-shulhan arukh me-hilkhot shehitot uvedikot u-trefot ...
1906,Yam Shel Shelomoh
850,פרקי רבי אליעזר
1935,Midrash Ḥamesh megilot
865,‫  פרקי רבי אליעזר
2362,Sheʾelot u-teshuvot  (Bezalel ben Abraham Ashkenazi)
2598,Arba'ah Turim. Orah Hayim.
1947,Ḥokhmat ha-mazalot
2254,Bible. Job. Commentary (Meir ben Isaac Arama)
2855,Shaʻar ha-shamayim
2364,Ma'amarei ḥodesh
2271,Me'or ʻenayim
1642,Haggadah Sefer Hamon Chogeg
1945,Sefer ʻAḳedat Yitsḥaḳ
778,Sefer Shevile emunah
783,Taḳanot meha-ḥevrah ḳedoshah Gemilut ḥasadim.
780,Sefer Shomer Emunim : yaḳar hu me-ḥaruts ṿe-rav peninim ... / Mosheh mi-Lantsburg.
2240,Arba'ah Turim. Even ha-Ezer
1622,Divrei Agur and Sefer Chazon
781,Seder ʻavodah raba ṿe-zuṭa : ... ʻim ha-tosefet ʻatsmo asher śamo bo haynu Piṭum ha-ḳeṭoret ṿeha-ḳorbanot ... ṿe-nosaf bo tefilah ʻal ha-mezonot / leha-Ramaʻ mi-Fano.
3618,ספר דינא דחיי
2866,Masekhet Pesachim
1831,צרור החיים
1654,Rabbenu Asher (or) Piske ha-Rosh
2997,"Midrash rabot, ʻal ha-Torah ṿe-ḥamesh megilot ʻim pe. Matanot kehunah ṿi-Yede Mosheh ṿe-ḳitsur Yefeh Toʾar... ṿe-eleh mosif ʻalehem: pe. Mishnat R. Eliʻezer... u-fe. Zeraʻ Avraham..."
1948,Perush ʻal ha-Torah ʻal derekh ha-emet
2662,Masekhet Shabbat
2322,Porat Yosef
1838,Menorat ha-Ma'or
1980,ספר נצחון
1652,Pardes Rimmonim
1655,Even ha-Ezer
784,Sefer Tashbets / she-ḥiber talmido shel Meʼir me-Roṭenburḳ ṿe-zeh talmido Shemuʼel [i.e. Shimshon] b.r. Tsadoḳ.
1656,Hoshen ha-Mishpat
1981,In introductorio grammaticae
1894,Talmud. Nidah. Mishnah. Tohoroth.
2131,Mishnah. Nashim
346,[חמישה חומשי תורה] ‬
1982,Isagogicon ... in Hebraeas literas omnibus Hebraicarum literarum candidatis non minus utile quam necessarium
582,Zeh ha-sefer Simlat Binyamin ve-sefer Bigde Kehunah :sh.`a. y.d. hil. Nedarim ve-hil. Shevu`ot ...
2277,Klei Paz
1983,חמשים דרושים יקרים : ... ויקרא את שמו גבעת שאול
1694,"Hamishah Humshe Torah. Hebraicus Pentateuchus latinus... Adiectis insuper e rabinorum commentariis annotationibus... Item Cantica Canticorum, Ruth, Threni, Ecclesiastes, Esther"
3154,Ḥamishah ḥumshe torah
2255,Bible. Pentateuch. Commentaries (Obadiah ben Jacob Sforno)
2763,Ma'aseh Tuvi’ah
1944,Midrash Mishle
2138,She'elot u-teshuvot (Nissim ben Reuben Gerondi)
1907,Perush ʻal Tehilim
1937,Midrash Rabbah
2366,Maḥane Re'uven
2193,Mahazor
2257,Bible. Song of Solomon. Commentaries (Obadiah ben Jacob Sforno)
2436,Tola'at Ya'akov
1651,Behinat ha-Olam
2182,Oraḥ ḥayim
2311,ביאור ספר איוב
1939,Midrash Shemuʼel
2600,Bible
779,Sefer Shomer emunim : kishmo ken hu shomer ve-kolel ʻiḳare ha-emunah ... / Yosef Irgas.
2443,Perush ha-Torah
2340,Sefer yuḥasin
2572,Masekhet Berakhot
2339,Sha'are ha-Kedushah
2571,Mivhar ha-Peninim
785,Tefilah nekhonah : li-sheʼelat ... teshuʻat ve-hatslaḥat ḥayale ha-medinot ha-ʼelu ...
2523,"Shulhan Arukh. Be'er ha-Golah. Be'ur ha-Gr""a"
1061,Igeret
3186,Sefer Mivhar ha-Peninim/Behinat Olam/Evan Bohan
1660,Sepher Tanya
1328,"Masekhet Meilah, Kinim, Middot veTamid"
1663,Sidur me-Tefillah ke-Minhag Kahal Kadosh Italiani
787,Sefer Tiḳun sofrim : ṿe-hu nusḥ[ot] kol mine sheṭarot ... / Shmuʼel Yafeh.
1661,Sefer Meor E'najim
1887,Talmud Bavli
1832,שבעים תקוני הזהר
3619,מנחת יעקב
1985,חמשה חומשי תורה : ונביאים ראשונים ואחרונים וכתובים
2343,Talmud. Sanhedrin.
1977,"הושע : עם תרגום ופירוש רש""י ואבן עזרא ור' דוד קמחי"
1659,Shulhuan shel Arba
1988,סדר הגדה של פסח
1669,Halakot
1670,Sepher Halachoth Rav Alfas
1666,בנימין זאב. ‬
1658,Haggadah shel Pesah (and) Zebah Pesah
1668,Sheiltoth d-Rab Achai Gaon
777,Sefer Or Torah : ṿe-hu ha-ʼetsbaʻ ha-rishon mi-sefer Shete yadot ... tiḳun hagahat ha-Torah ... petuḥot u-setumot ḥaserim ṿi-yeterim ... / Menaḥem de Lonzano ; she-nitṿasef bo Masorah rabati ʻa. y. Ary. Leyb.
1667,Sefer ha-Truma
1665,Shai la-Morim
789,"Tselaḥ : Sefer Tsiyun le-nefesh ḥayah, ʻal masekhet Berakhot u-Vetsah."
786,"Tsemaḥ tsadiḳ : yelkhu yonḳotaṿ be-deser ḳeriʼah ... mide or ha-shishi be-limude H. be-Zohar ... be-Torah, shanui bi-neviʼim, u-meshulash ba-ketuvim ... sharsho patuaḥ ale ... Ḥemdat yamim."
1984,ספר התשבי : ... שרשיו כמנין תשב''י ורובם הם שרשים מלפנים אינם מפורשים ומורגלים בדברי רבותינו
2438,Sefer ha-Yashar
2764,Ateret Zekenim
1986,"ספר אילם : ... בו שתים עשרה עינות מים ושבעים תמרים ... כוללים שאלות ... שאל הרב ... זרח בר נתן נר""ו"
2822,A treatise concerning the sanctification of the Lord's day
2258,Tiḳun midot ha-nefesh
2574,Tur Orah Hayim
2301,Mishnah. Tohorot. Commentaries (Mosheh bar Maimon)
2824,Tehillim
2434,She'elot u-Teshuvot min ha-shamayim
2195,Livyat hen
2260,Mishnah. Kodashim. Commentaries (Mosheh bar Maimon and ʻOvadyah Berṭanurah)
2303,Talmud. Ta'anit
2272,Bible. Esther. Commentaries. (Eliezer ben Elijah Ashkenazi)
2313,zeh sefer Toledot Adam ...
2324,Bible. Lamentations. Commentaries (Moses ben Jacob Albeldah)
2341,Bible. Prophets. Commentaries. (Mosheh ben Ḥayim Alshekh)
791,"Sefer Tson ḳodashim / asher izen ṿe-ḥiber R. Ḥayim Shor, ani ṿe-ḥaveri Mordekhai Asher ; ṿe-huva le-vet ha-defus ʻa.y. nekhdo ha-Rav Ḥayim Hildeshayim."
1992,זה ספר חובת הלבבות
3427,אברבנאל על התורה
724,Sefer Kad ha-ḳemaḥ
2224,Me'ir Netiv
2845,De sepulchris hebræorum
1990,ספר תבנית היכל : אשר בו נחקר בקצר אמיץ על הבית אשר עשה המלך שלמה
1989,פרקי רבי אליעזר
2133,Mishnah. Taharot
3620,חתם סופר
1672,Sefer ha-Hinnuk
2304,Nefutsot Yehudah
1671,"Mikneh Abram; Peculium Abrae, Grammatica Hebraea una cum Latino; Sha'ar Beta'amin"
50,כתנות אור אור כולל ומוסיף על ספר עין ישראל
2184,Bible. Job
1896,Ḥidushe ha-Torah
1676,Perush Shir Hashirim
1941,Arbaʻah turim
2242,Arba'ah Turim. Yoreh De'ah
1678,Seder Tefillot ke-Minhag ha-Sefardim be-Lashon Ibri u-Lashon Sefarad
1674,Sha'ar Bat Rabbin Mahzor
3131,Meturgeman
1991,ספר האמונות והדעות
2604,Sefer Mishle im ha-Biur…mi-Rabenu Immanuel
4,""
1677,Hamishah Humshe Torah
2368,Limude ha-ṭevaʻ
2279,Arugat ha-Bosem
2738,Yoreh Deah
2315,Tsava'at R. Naftali ha-Kohen
2196,Bible. Pentateuch. Commentaries (Shemuʾel Tsartsah)
2259,Mishnah. Neziḳin. Commentaries
1993,"Theologiae Talmudicae specimen : certis de causis abruptum, ac si omninò res ita ferat, suo tempore continuandum ... sumptibus collectoris."
2524,Me'orot Natan
2766,Minḥat Yehuda
2526,Urim ve-Tumim
2599,"Torah, Nevi'im Ketuvim"
793,Sefer Yalḳuṭ ḥadash.
1898,Pirḳe Avot. Naḥalat Avot.
2567,Sefer ha-Ikarim
1681,Seder Zeraim
1688,Sefer Mitzvot Godol
1683,Sefer Abudraham
2829,Tur Yoreh de¬ah
792,Sefer Ṿe-zot li-Yehudah / asher ḥiber Yehudah ʻAyʼash.
1995,אהל מועד : מצד היותו בית ועד למלין השוים בהוראה אחת ... אשר יזכרו בשמם גבולים
1997,ספר תולדת אהרן : מראה מקום מכל הפסוקים שבתורה
1999,Sacra Biblia Hebraea
472,Sefer Yalkut hadash : ve-hu nilkat ... mi-kol sefer Zohar ... gam midrashim temuhim me-Yalkut ha-gadol ... ve-hu ha-nikra ha-Yisre'eli.
1690,Ohel Moed
794,"Sefer Yashresh Yaʻaḳov : ṿe-hu sheʼelah asher nishʼal ... ʻal baḥur she-heḥelif kamah shinuyim be-virkat ha-mazon ... im lomdim min hanotsrim ... ʻal ʻinyan biṭui shem Haṿayah ... / hekhino ve-gam ḥibro Yaʻakov Baʼbaʼni ; huʻatak mi-khetivat yad ha-meḥaber, Meʼir ben Yiśraʼel Hildeseim."
2629,Bet Aryeh :... sheʼelot u-teshuvot
1684,Sepher Yere'im
795,Sefer Zahav mezuḳaḳ : ṿe-hu hashmaṭot mi-Ṭure zahav she-nishmaṭ mi-Ṭaz O. ḥ. be-harbeh meḳomot ...
2767,
1686,Yefeh Nof
2575,Sefer ben Guryon
1680,Temunot Tehinnot Tefillot Sefarad
1682,Masechta Shavuoth
797,Zohore hạmah : hạmesh megilot meha-Zohar ha-gadol : ʻim Sitre Torah u-Midrash ha-neʻlam / Yitshạk ̣Kṛiśpin ben Menahẹm likẹt.̣..
2305,Hebrew language. Dictionaries. Latin.
1998,ספר נחלת שבעה
2197,Hidush ha-Rav
2261,Bible. Ruth. Commentaries
2345,Talmud. Sukkah
3074,Ḥamishah ḥumshe torah
1973,ספר מאיר נתיב : הנקרא בלעז קונקורדאנסיאש
1457,אותיות של רבי עקיבה וצל
3621,ישועות יעקב
2244,"Bible. Commentary (Ya'akov, Dilyeskas)"
2370,Zeh sefer ʻEzrat ha-sofer :Ḥamishah ḥumshe Torah : Tiḳun sofrim
2307,Divre rivot
1994,ספר פני רבה : והוא מפתח לפתוח ולהוציא ממסגר אסיר ולהאיר עיני כל תעלומה בפירושים הנחמדים המפוזרים במדרש רבה
796,Sefer Zehav śevah
1996,ספר מעיני הישועה ... פרוש על ספר דניאל
2965,Tanakh
2602,Perush ha-Torah
3115,Biblia Parva Hebræo-Latina
2243,Mahalakh shevile
2275,Bible. Psalms.
2309,Bet Ya'akov (Shu.t.)
2326,Bible. Pentateuch
2372,sefer toledot adam /asher ḥiber ... eliyahu ba'al shem ... / sefer segulot ve-refuot ... natan pless
3187,Sefer Mivhar ha-Peninim
1822,Moreh Nevukhim
1691,Be'urim al Rashi
1693,Peirush al Hatorah
2001,"Horologium Ebraeum : sive consilium, quomodo sancta lingua spacio XXIV horarum ab aliquot collegis sufficienter apprehendi queat"
532,Zeraim
578,"Sefer Shabeta de-rigla : derushim nifla'im le-shabat teshuvah, ve-shabat hol ha-mo`ed, ve-shabat ha-gadol... helek ehad hu`atak me-hibur ha-gadol sefer `Ateret Tsevi ..."
2187,Beḥinat ʻolam
3172,Biblia Parva Hebraeo-Latina
2847,"Torah, Nevi'im Ketuvim"
1699,Sefer Toledot Yizhak
1692,Mahzor ke-Minhag Kahal Kadosh Romah
3281,Concordantiae Sacrorvm Bibliorvm Hebraicorvm
1695,Todath Shelamin
1685,Zevah Pesah
2171,Mivḥar ha-peninim
2306,Talmud. Commentaries. (Shemuel Yafeh Ashkenazi)
2142,Sefer Yosifon
2000,משניות : חלק ראשון זרעים זמנים נשים בכרך קטן
2246,Ner mitsvah
2664,Masekhet Rosh Hashanah
2198,Bible. Song of Songs. Commentaries
1700,Sefer Milhamot ha-Shem
38,Liber Cosri
1701,"Seder Olam Rabba hoc est, Chronologia Hebraeorum maior"
2002,[הלכות] : סדר נזיקין חלק שלישי מספר הגאון רב אלפס
2262,Book of Esther
2317,Ruaḥ Ḥen
2003,[נר מצוה] : [והוא החלק הראשון מספר מנחת כהן]
2447,Eshle ravreve
2346,Talmud. Commentaries. (Solomon ben Isaac Levi)
1698,Teshubot
2348,Maṭeh Moshe
1715,Pirke Abot
2248,Masekhet Beitzah
1717,Commentary on Midrash Rabba and five Megilloth
2010,ספר ראשית חכמה : הקצר
2494,A descriptive geography and brief historical sketch of Palestine
3179,Moreh be-etsbaʻ
3622,תפארת הצבי ‬
2528,Magine erets : Oraḥ ḥayim :
2005,ספר עקרים
1706,Mahzor
2143,Bible. pentateuch. commentary (Rashi and Nahmanides)
2188,Le-khol ḥefets
2008,שבט יהודה
1705,Sefer ha-Tishbi
2011,מצוות לא תעשה ומצות עשה עם פירושיהן קצרים
1707,Pentateuch
2009,[עשרים וארבעה] : [והם חמשה חומשי תורה נביאים ראשונים ואחרונים וכתובים]
2263,Kol bo
3133,Sefer meʿulefet sapirim
2012,תורה נביאים וכתובים : מוגהים ומנופים מפי סופרים ומפי ספרים
2007,ספר הגלגולים
2319,Siddur. Tikkun Shelomoh
2006,ספר האמונות והדעות
2247,Torat ha-bayit
1704,Institutiones Grammaticae in Hebraeam Linguam
2069,ספר הדקדוק Grammatica hebraica absolutissima
1703,"Proverbia Salomonis, iam recens luxa Hebraicam veritatem translata, & annotatibus illustrata"
1702,Liber Psalmorum Hebraice
1708,"Psalmi Davidis, Proverbia Salomonis, Ecclesiastes et Canticum Canticorum Hebraicè cum interlineari versione Santis Pagnini"
2768,תלמוד בבלי מסכת ראש השנה
2375,Derashah she-darash ... Mosheh b.R. Naḥman z.l. mi-Girona ... lifne ha-melekh ṿeha-śarim be-Saraḳoshṭa :
2328,Sheʾerit Yosef
1711,Tiferes Israel
2449,מקנה אברם. Peculium Abrae
3001,Masekhet Megillah
1714,Midrash Genesis
2386,Maḥazor ʻim Kaṿanat ha-paytan
2387,Sheʾelot u-teshuvot meha-geʾonim
1716,Matteh Mosheh
1718,Sermons
2016,חמשה חומשי תורה : ונביאי' ראשוני' ואחרונים וכתובים
2013,קול מבשר : מפענח נעלמים וגלי רזין דטמירין במראות איש חמודות באמרות טהורות
1729,Haggadah shel Pesah aufs neue ins Deutsche über setzt
1719,Zohar Ruth
2711,She'elot u-Teshuvot Torat Haim (Hayyim Shabbetai ha-Kohen)
3116,Biblia hebraica
3282,Pentateuchus
2017,משניות : חלק ראשון זרעים מועד נשים עם הפירוש קצר קב ונקי
2189,Tseri ha-yagon
1732,Ma'ayan HaChochomah
1720,Sefer Yuhasin
2249,Sefer ha-Gederim
2453,Seder ha-maḥzor mi-khol ha-shanah : ke-minhag Polin fihm u-meherrin ṿe-Lita ṿe-Raysin.
2015,ספר משל הקדמוני
1721,Hilkot De'ot
2190,ʻAmude golah
2144,Bible. Job. Commentary
1722,Eben ha-Ezer
2265,Shulhan arukh
3114,Biblia Hebraica
2200,Mishnah. Avot. Commentaries
1751,The Amsterdam Haggadah
2717,Sefer Ben Gurion
2025,דיתיקא חדתא Novum Domini Nostri Iesu Christi Testamentum Syriace
2028,ספר תהלים
2379,Ḥokhmat Shelomoh
1723,Nezah Yisrael
1730,Zemach David
3002,Masekhet Megillah
3623,דברי ריבות
1724,Pesikta Rabbati
2532,Shulḥan ʻarukh :mi-ṭur ʼEven ha-ʻezer /Yosef Karo .../ Moshe ʼIserleś / ve-'im Be'er Hetiv ... Yehuda Ashkenazi dayan me-k.k. Tiktin.
1725,Be'er Mosheh
1726,Seder Haggadah shel Pesah
2018,"ספר עין ישראל : עם פירוש מספיק מלוקט מרש""י ותוספות ורשב""א והריטב""א והר""ן והכותב וחדושין ומהרש""א והרי""ף"
1727,Siddur
1733,Sepher Tehilim
2022,סדר התפלות : כמנהג אשכנזי עם כמה מעלות טובות ויפות
1734,Sepher Likutei Amarim
3188,סדר נזיקין
1746,Ma'ase Tobiah
1743,Machsor Festival Prayers
1735,Aruch Hakazzur
2998,"Sefer Or Yísraʼel :|b... perush ʻal rov maʼamre ha-Zohar ... ve-sider l-2 ḥalakim, ḥelek 1 mi-seder hanal ... ṿeha-ḥeleḳ ha-2 ʻal Shulḥan ʻarukh ha-Oraḥ ḥayim (ʻa.p. sod) uve-tokham mevoʼarim gm. ṿa-agadot..."
2020,נביאים ראשונים : יהושע שופטים שמואל מלכים
2024,Psalmi Davidis Hebraici
2023,פרדס שושנים עם פרחי תבונה ועלי חרוזה לקוט מגן התלמיד הצעיר יוסף פינסו ויקרא שמו אסירי התקוה
1740,Shorshei Emunah
1736,Hamishah Humshe Torah [Megillot Nevi'im Ketubim Haftarot]
1744,Seder ha-Tefillot mikkol ha-Shanah ke-Minhag Kahal Kadosh ha-Sefardim
1745,Torat Chayim
2202,Hovat ha-levavot
2021,חמשה חומשי תורה : עם תרגום אנקלוס וחמש מגילות והפטרות
2266,Bible.Midrash rabbah. Pentateuch. Commentaries. (Abraham ben Gedaliah ibn Asher)
1737,She'elot u-Teshubot
2330,Mikraʼe kodesh
1662,Sefer ha-Zohar al ha-Torah
1738,Sefer Orah le-Hayyim
2203,Maharil
2377,Likute Amarim (Tanya) ... ha-nikra Sefer shel Benonim.
2268,Bible. Pentateuch
2712,מעין גנים ‬
2331,Bible. Esther. Commentaries (Solomon ben Moses Alkabeẓ)
3428,שערי ציון
3275,De iure pauperis et peregrini apud Iudaeos
3167,[Torah Neviʼim u-ketuvim]
2029,סדר מעמדות : מסודרות לכל ימי השבוע ואלה מוסיף על הראשונים ומתוקן מכמה טעיות אשר נפלו בנוסחאות הדפוס מאז
2030,[סידור לשבת עם פרקי אבות]
3192,"The הגדה של פסח containing the ceremonies and thanksgiving which are used and read by all families, in every house of the Israelites, on the two first nights of Passover: faithfully translated from the original Hebrew. To which is added several commentary explanations thereon. Translated by A. Alexander, A. M. 5530."
2451,Siddur. Yiddish & Hebrew. Derekh Yesharah.
2389,Seder ha-niḳur
2455,Maḥazor mi-kol ha-shanah :ke-minhag Ashkenaz im ḥamesh megilot
2459,Maḥazor (minhag Polin) mi-reshit ha-shanah ṿe-ʻad aḥarit ha-shanah.
1748,Cherev Nokemeth Nakam Berith
1747,Old Testament Bible
1615,Sidur Divre Tsadikim
1712,בית חורין ‬
1757,Arba'ah Yesodot
1763,Haggadah shel Pesah
1749,Liber Psalmorum
1762,הגדה של פסח
2026,סדר גורלות
1760,Kol Sasson VeKol Simchah - Celebracion de Alegria
2027,סדר מעמדות : מסודרות כפי ימי השבוע על הסדר
1759,Sam Chaim
1753,Responsa Perach Mateh Aaron
2534,"Shulḥan ʻarukh mi-Ṭur Oraʻ ḥayim /ḥibro ... Ḳaro / Iserleś,ṿe-ʻim Beʼer ha-golah ṿe-Eshel Avraham u-Veʼer heṭev ... Even ha-'Ozer ... be-defus Propes be-Amśterdam."
3003,Zikhron ḥurban ha-bayit
1758,"Vocabulario de lingua Portuguesa, explicado em Hebraico"
2031,הלכות שבועות : id est Constitutiones de jurejurando
2713,כרם חמד
2332,Hibur shemot anashim ṿe-nashim
2146,Midrash Tehillim
1755,Calendario Facil y Curiozo
2457,Seder ha-Maḥzor ḥelek rishon : ke-minhag Ashkenazi
3624,
3189,דרך חיים
2496,Tikune ha-Zohar
1754,Biblia Sacra Hebraea
2333,Bible. Psalms. Commentaries (Ovadyah Sforno)
2147,Sefer ʻiḳarim
2396,Ner mitsṿah
2461,Seder Seliḥot :ʻka-minhag medinot polin katan u-polin gadol ṿe-rayśn.
3137,Ḥuḳe ḥayim
2033,ספר ילקוט ראובני : על התורה מאמרים ומדרשים ישנים גם חדשים
2468,Maḥzor :... ke-minhag shel ha-medinot polin fihm maherin ...
3136,Milim le-eloha
3135,Ruaḥ ha-ḥen
2771,Shulhan Arukh. Rema.
1713,Polyglot Bible
1777,Sefer Meor Einayim
1780,[Minhagim]
3038,Likute Tsevi
1773,Seder Olam Raba
1767,Megilath Ta'anith
2034,ספר יפה ענף : מדרש חמש מגלות עם פירוש מספיק ונפלא
1768,Machzor Sephardim Mi'yamin Noraim
1769,Sefer Meor E'najim
444,Perush ha-Torah meha-hakham ... Don Yitshak Abravanel ...
1764,Berith Yitzchak
2205,Teshuvot ha-Rav
1765,Me'ah Berachoth / Orden de Bendiciones
3474,The form of prayers : according to the custom of the Spanish and Portuguese Jews
260,ספר מכלל יופי
1766,Seder Tephiloth LeChadashim U'LeMo'adim
3429,חידושי הלכות מהדורא בתרא
571,"Sefer Kerem Shelomoh
ספר כרם שלמה"
2036,ספר עולת תמיד : והוא חבור נפלא ... על ספר הנחמד השלחן ערוך על חלק ראשון אורח חיים ... וחלק שני נקרא עולת שבת
3190,אורח לחיים
2577,Iggeret Behinat Olam
3004,"[חמשה חמשי תורה : [נביאים ראשונים, נביאים אחרונים, כתובים"
1770,Arugah Ketana
708,Sefer ʻEvronot
2772,פתח עינים
1750,Chamishah Chumashei Torah
2334,Bible. Psalms. Commentaries (Meir ben Isaac Arama)
1772,Shir Hashirim
2035,ספר פרי חדש : ... והוא ביאור על חלק יורה דעה
2605,"Tehillim, Mishle, Iyov"
834,Pene Yehoshu'a
2476,Shu.t. Zikhron Yosef
3430,שאלות ותשובות אמונת שמואל
1774,Noam Elimelech
3625,‫  מחזור ‬  	‫  ... כמנהג קק אשכנזים [שבאיטליה]... עם פירוש רמז דרש סוד... חלק א-ב
3431,אשל אברהם
1775,Perush al Agadoth
2500,Maḥazor shel kol ha-shanah : ke-fi minhag ḳehilot ha-ḳodesh Iṭalyani
1776,Ayil Meshulash
1778,Midrash Samuel
1779,Pachad Yitzchak
1728,Sefer Zikkaron
2504,Emunot Vede'ot - Teshuvat ha-Minim
478,She'elot u-teshuvot.
726,Sefer Kereti u-feleti
1781,Lekah Tob
2037,ספר המגיד : והוא פי' מספיק על כל העשרים וארבע נביאים ראשונים ואחרונים ותרי עשר וכתובי'
2043,חמשה חומשי תורה : עם תרגום ופירוש רשי ופירוש רבינו משה ב''ר נחמן גירונדי עם פירוש רבי יצחק אבוהב על פירושו וחמש מגלות והפטרות
2040,שאלות ותשובות : עבודות הגרשוני חלק ראשון
2032,ספר רבות : ... מתנות כהונה
3626,
2715,
2150,Sefer Derashot ha-Torah
645,מסכת ערובין מן תלמוד בבלי
2039,ספר לבוש התכלת : והוא הלבוש הראשון מעשרה לבושים ... והוא כולל כל הדיני' הכלולים בחלק הראשון מטור האורח חיים 
2773,שארית יעקב
2041,ספר יפה תאר : כמחוגה אלהית מתוארת זאת אומרת שבה יקר תפארת גדולת המחבר ולמודו
2335,Bible. Concordances. (Rabi Anshel)
3005,ספר פרחי כהונה
544,Hidushe ha-Torah
2207,ha-Torah ve-haFilosofiyah
2383,Shomer Emunim
2720,Masekhet Sukkah
3475,ארבעה ועשרים
2336,"Madaʻ, ahavah, zemanim"
2038,ספר שני לוחות הברית
2463,ʻOlat tamid =Gebetbuch für Israelitische Reform-Gemeinden.
3476,ארבעה ועשרים
2470,Tiferet ha-Kodesh
2482,Musaf ha-Arukh
2569,Behinat Ha-Olam
2486,Shemot Rabbah. Yefeh To'ar.
2045,ספר השרשים : והוא החלק השני מהמכלל 
1974,Biblia Hebraica : eleganti charactere impressa
2417,Die alten jüdischen heiligthümer
2580,Biur Sefer Iyov
2050,ספר המגיד : והוא פירוש מספיק על כל העשרים וארבע
2578,Eldad ha-Dani
2047,מדרש תנחומא : הנקרא ילמדנו והוא מדרש על חמשה חומשי תורה
2606,Torah
2152,Perush ʻal ha-Torah ʻal derekh ha-beʾur
2046,ספר מצות הגדול
2337,Mishnah. Avot. Commentaries. (Samuel ben Isaac Uceda)
2049,ספר הזוהר : על התורה ... עם חדושים רבים והמה סתרי תורה ומדרש הנעלם ותוספתא על קצת פרשיות
2774,Hokhmat Shelomoh
1165,Tur. Yoreh De'ah
2048,פירוש התורה
2014,ספר לקח טוב : ... והוא דרוש מעט הכמות ורב האיכות הכולל עקרי התורה והדרך הישרה
2390,Bible. Esther. Commentaries. ( Shelomoh ben Tsemaḥ Duran)
2044,משניות : עם פירוש ... הרמב''ם ז''ל וימלא אחריו ... רבינו עובדיה מברטנורה ז''ל
2397,Derekh oniy. : be-lev yam ha-Talmud :
2472,Siddur. Derekh ha-Haim
3477,ארבעה ועשרים
2415,Seder ha-dorot
2059,זה ספרא דאדם קדמאה שנתן לו רזיאל המלאך : וזה השער לה' צדיקים יבאו בו לעלות במסילה העולה בית אל
3628,
3634,
2478,Maḥzor ... mi-kol ha-shanah ...
2179,Tseror ha-mor
2413,Otsar leshon ha-ḳodesh
2209,Yefeh Kol
2421,Tsena u-Re'enah
2211,She'elot u-Teshuvot (Hayyim Shabtai ha-kohen)
2782,Leḥem ha-panim
2058,[Perfectissima hebraea grammatica]
2425,Sefer ha-shorashim - Hebräisch-Deutsches Lexicon
2057,"הגיונות Meditationes Hebraicae in artem grammaticam, per integrum librum Ruth explicatae"
2154,Perush rabenu Shlomoh Yizhaki
2056,ספר המחברות
2868,Masekhet Pesachim
2055,חמשה חומשי תורה : עם חמש מגילות והפטרות מכל השנה כמנהג כל קהלות הקודש
3627,"‫  מחזור מכל השנה  שלם, כמנהג האשכנזים. כמחזורי סלוניקי"
2054,ספר המצות : ... והחונים עליו הרב הגדול רבינו משה בן נחמן ז''ל בהשגותיו אשר השיג על מנין המצות ... יצחק די ליאון ... מספרו הנקרא מגילת אסתר ... ובסוף החבור ראינו להדפיס אגרת תימן ומאמר תחית המתים
1987,[מקור חיים] : [והוא חלק ראשון מטור אורח חיים ... עד הלכות כתיבת תפילין]
3478,
2053,ספר משמיע ישועה
2052,ספר קיצור שני לוחות הברית : עם מהדורא בתרא
2395,Ateret Shelomo
2579,Yoreh Deah
2404,Sha'are Dura
2405,Bible. Pentateuch. Commentaries. (Moses ben Baruch Almosnino)
994,Roḳeaḥ ha-gadol
1902,Arba'a Turim
2502,Shulḥan ʻarukh mi-ṭur yoreh deʻah
2064,ספרא דצניעותא דיעקב
2292,Talmud. Eruvim
872,חובת הלבבות
2506,"Shulhan Arukh. 'Im Gur Aryeh,"
2063,ספר שירי יהודה
3191,Hamisha humshe torah
1979,ספר סם חיים... דרושים... על התשובה והיראה מלוקטים מכמה ספרי הקדמונים
2062,"חמשה חומשי תורה : וסביב חונים ... תרגום אונקלוס ותרגום ירושלמי ותרגום יונתן ... פירוש ... רש""י ז""ל ... גם סדר דיני תרי""ג מצות ... גם פרפראו' לחכמה חדושי בעל הטורים"
3283,Biblia 1. Hebraica. 2. Samaritana. 3. Chaldaica. 4. Graeca. 5. Syrica. 6. Latina. 7. Arabica.
2061,משניות
2394,Tsemah David
2156,Sha'are Dima'ah
2060,חמשה חומשי תורה : וחמש מגלות והפטרות
2474,Pilpula Harifta
2445,Maʻaśeh ḥoresh ṿe-ḥoshev
2423,"Iyov, Shir ha-shirim, Rut, Eikha, Kohelet, Esther, Doniel, Ezra, Nehemiah, Divre Hayamim"
2072,"Epitome grammaticae hebraeae… additi sunt Propheta Obadja et Ecclesiastes Schelomonis, hebraice & Latine…"
2071,ספר מנורת המאור : ... עם פירוש מספיק נפש יהודה
2558,She'elot u-Teshuvot (David ben Solomon ibn Abi Zimra)
599,ספר לקוטי אמרים
2066,סדר תפלות מכל השנה : כמנהג אשכמז ופולין
3284,Joma
2070,חמשה חומשי תורה ... נביאים ראשונים ... ספר כתובים
3193,Sefer Rabenu Bahye bar Asher
3194,""
2466,Minhat Ya'akov
2068,קצור הדקדוק Compendium Hebr. Grammaticae
2065,תורת יהוה חדשה : והיא ברית האדונינו ישוע המשיח חדשה למשיחיים וליהודיים בלשון הקדש נכתבה
2158,Nofet Tsufim / Sefer ha-Halatsah / Rhetorik
2407,Sheʼelot u-teshuvot Heshiv R. Eliʻezer ṿe-Śiaḥ ha-śadeh
2831,תולדות יעקב יוסף
2507,Fastorum libri duo
2410,Midrash rabbah
2489,Ḥovot ha-levavot
2510,Seder Tiḳun leil Shavuʻot ṿe-gam leil Hoshaʻna Rabah.
2515,Sefer ha-Yashar
2553,Midrash Soḥer Ṭov
3228,Sefer amude ha-shamayim
3302,"Mischna sive Totius Hebraeorum Iuris, Rituum, Antiquitatum, ac Legum Oralium Systema"
2935,Minchat Kohen
2544,Sefer Pri ḥadash  ʻal Yoreh deʻah
983,"Talmud. Masekhet Ta'anit, Megillah, Hagigah, Moed Katan"
1359,Derekh Emunah (Meir Ibn Gabbai)
2078,מחזור מכל השנה : ... כמנהג פולין רייסין פיהם ומערהרין ואשכנז
2491,Tsahut ha-Melitsah
3479,"חמשה חומשי תורה ‬עם חמש מגלות והפטרות כל השנה כמנהג הקהלות (הספרדים והאשכנזים). מוגה בהשקפה גדולה ובעיון נמרץ מפי סופרים ומפי ספרים... הגדיל... המוציא והמביא כה""ר דוד נוניש טוריס"
2077,ספר מכלל הדקדוק לשון הקדש : ... מלמד ומשלם על ידי אגאתיו הקורא במצות המלך אלהית המקרא בישיבת פריץ
2076,"שלש עשרה עיקרים ; דברי הבית השני ; עשר גליות ישראל Tredecim articuli fidei Judaeorum ; Compendium elegans historiarum Josephi, complectens ; Acta lxx interpretum ; Gesta Machabeorum ; Facta Herodum ; Excidium Hierosolymitanum ; Decem captiuitates Iudaeorum"
2075,ספר מסורת המסורת : ... להבין ולהורות ... דרך בעלי המסורות בקצור לשונם וחידותם וסימנם בראשי תיבות ובנוטריקון
2412,ʻEn Yaʻaḳov ʻim Kutnot or
2508,De re grammatica Hebraeorum
2067,סליחות מכל השנה : כמנהג פולין ... רייסין ושאר מדינות זאג פיהם
2560,Shulhan Arukh. Me'irat Einayim
3629,Midrash Shoher Tov
2512,Maginei Erets : ʻim Ḥoḳ Yaʻaḳov ʻal hilkhot Pesaḥ
3635,Kotnot Or
2517,Kore ha-Dorot
2540,She'elot u-Teshuvot (Isaac ben Sheshet Perfet)
2680,Masekhet Sanhedrin
3196,ספר אפי זוטרי
2074,"Shulḥan ʻarukh :ḥibero ... Yosef Ḳaro ... ; ʻim ḥidushe dinim she-hishmiṭ ṿe-hemtsiʼem ... Mosheh Iserleś ... me-ḥiburo ha-gadol Darkei Mosheh ; ṿe-saviv ... me-Mosheh Rivḳes, Beʼer ha-golah / hugah ... al-yede Shelomoh Yehudah Leʼon ṿe-Daṿid Noniś Ṭuris."
2079,זה ספר תולדת אהרן : מראה מקום מכל הפסוקים מחמשה חומשי תורה וחמש מגילות הנמצאים בשתא סדרי המסכתא והפרק הדף והעמוד
2536,Apei ravrevei : Shulḥan ʻarukh Even ha-ʻezer /Ḥelḳat Meḥoḳeḳ / Beit Shemuʼel
2538,Eshlé Ravrevé / ha-Ṭure zahav ... ve-haŚifte Kohen.
2051,Opusculum recens Hebraicum ... cui titulum fecit תשבי id est Thisbites
712,Sefer ha-gilgulim / meha-rav Ḥayim Ṿital ; ʻim tosefet Meʼir Aizen Shṭaṭ ; hotsiʼo la-or Daṿid b. mo. ha-r.R. Natan Grin Huṭ.
3365,Mahazor ... ke-minhag bene k.k. Roma
3195,ספרי אלשיך
2401,Sefer Ẕori ha-yagon ... /ḥibro ... be-Šhem Ṭov bar Yosef Fʹalaqer
3432,שאלות ותשובות שב יעקב
3480,
1296,"שאגת אריה ... כבוד מו""ה ליב בן ... אשר ... אב""ד דק""ק מיץ ... ונקרא ..."
3433,אסיפת חכמים
3285,Biblia Sacra Polyglotta
600,ספר חסידים
2607,Torah im Megilot ve-Haftarot
3286,"Florilegium biblicum, complectens omnes utriusque Testamenti sententias, Hebraice et Graece"
2609,Torah im Megilot ve-Haftarot
3434,שפע טל
2546,Shulhan Arukh. Yoreh De'ah. Pri Megadim.
2555,Sefer Ḳitsur Shene luḥot ha-berit
2639,Megaleh ʻamuḳot ʻal ha-Torah : ḥeleḳ 1-2
1228,"דרך הקדש   	 ...  	 Hoc est Via Sancta... sive Biblia Sacra eleganti et maiuscula characterum forma, qua ad facilem sanctae linguae & scripturae intelligentiam, novo compendio, primo statim intuitu, literae Radicales & Serviles, Deficientes & Quiescentes & c:  	 situ & colore discernuntur. Authore Elia Huttero..."
2563,Sefer ha-ḥayim / Vollständiges Andachts-Buch
2565,Haggadah
2608,Torah im Megilot ve-Haftarot
2566,Tefillat Yahid
2832,Masekhet Hullin
2668,Masekhet Gittin
3481,גרינדליכר בריכט פון דער אמונת הנוצרים = Gründlicher Bericht von dem Christenthum
3006,"Sefer Bet Elohim, ve-ḥilko le-shlosha ḥalakim, shaʻar ha-tefilah, shaʻar he-teshuvah ve-shaʻar ha-ʻikarim / she-ḥiber ṿe-tiḳen ... Mosheh b.k.ha-R. Yosef mi-Ṭrani."
2641,Bible. Scrolls. Arama.
3036,תורה נביאים וכתובים : מלשון הקודש נעתקים ובלשון אשכנז נכתבים
3053,‫  סדר הגדה של פסח
3052,Sefer Amana=  Liber Fidei preciosus bonus et iucundus
2749,Sod Hashem
3342,תלמוד בבלי מסכת מגילה
2672,Bet ha-Levi ve-Torat ha-bayit
2583,Perush ha-Torah
3482,
2659,Masekhet Berakhot
2793,Halakhah le-Mosheh
2581,Hamisha Humshe Torah
2585,Sefer he-Arukh
3630,Yalkut al ha-Torah
2857,Yad Malakhi
2613,Hovot ha-levavot
3483,Biblia Sacra Polyglotta
2614,Makre Dardeke
2612,Even Bohan
2584,Perush Daniel
1696,Meshal ha-Kadmoni
2615,Meshal ha-Kadmoni
3343,תלמוד בבלי מסכת ברכות
2587,Perush Rashi 'al ha-Torah
620,Ḳetsot ha-Ḥoshen
1650,Nevi'im Rishonim and Nevi'im Aharonium
2593,Goren nakhon :tiḳun midot ha-nefesh
2586,Perush Rashi 'al ha-Torah
2670,Ḳohelet Shelomoh :... ʻal sefer ʻEn Yaʻaḳov ʻim Kotnot or
2833,Mahzor
2645,She'elot u-Teshuvot (Joseph b. Efraim Karo)
2750,יראת ה' לחיים
2755,Sefer Tson ḳodashim
2588,Sefer Mitsvot Gadol
3366,ספר שערי תשובה
2872,Ḳav ha-yashar
2647,She'elot u-Teshuvot (Meir b. Barukh of Rothenburg)
2834,Hilkhot Shehitah
2674,Goren nakhon : tiḳun midot ha-nefesh
2688,ספר העברונות
2698,"תנ""ך תרי עשר"
2618,Siddur
2836,Mishneh Torah
1093,Lexicon chaldaicum talmudicum et rabbinicum
2620,Selihot
2627,Petah Devarai
1697,Sefer ha-Mahbarot
2751,אורח לחיים
2643,Arba’ah Turim
2621,Baba Kamma
2803,Yesod ha-niḳud
3057,Nofet Tsufim
2684,Torat Elohim
2699,ספר העברונות
3008,"ספר שאלות תשובות, ופירוש סוגיות ומשניות עמוקות ...מרבינו מנחם עזריה"
2622,Baba Metzia
3287,Raymundi Martini Ordinis Praedicatorum Pugio Fidei Adversus Mauros Et Judaeos
2623,Masekhet Hullin
2689,הלכות רב אלפס
3367,ספר זכירה
2697,Lehem ha-Panim
3009,"ספר רוממות אל, שחיבר הגאון...משה אלשיך, והוא פירוש ...על ספר תהלים"
3197,עין יהוסף
2922,Kuzari
2624,Masekhet Niddah
2708,Perush Rashi :... ʻal ḥamishah ḥumshe Torah
3288,Sefer Rav Alfes
1824,Perush Rabenu Bahya al ha-Torah
3148,Melekhet ha-diḳduḳ
3145,Shir ha-shirim
3289,"Sententiae vere elegantes, piae, mireque"
2625,Masekhet Shabbat
3435,צורת בית המקדש
2626,Sha'ar ha-Gmul
3290,Cippi Hebraici
3631,Sha'ar Adonai He-Hadash
3436,שושנות עמקים
3632,Sha'ar Adonai He-Hadash
3437,שאלות ותשובות חות יאיר
706,Ḥidushe Halakhot Eliyah rabah
738,"Sefer Ḳeshet u-magen / ha-Rashbats, asher nishmaṭ mi-sifro Magen Avot ; ṿe-aḥaraṿ sefer Milḥemet mitsṿah mi-veno ha-Rashbash."
2839,Tur Orah Hayim
3023,שנים עשר דרשות שחיבר הרב רבינו נסים
2843,Masekhet Hullin
1639,מחזיק ברכה ‬
2840,Tur Orah Hayim
3030,סידור סדר התפלה
2841,Tur Hoshen Mishpat
2842,Even ha-Ezer
2427,Gersonides on the Torah
2616,Mishneh Torah
2686,Sefer Maʻaśeh Ḥiya
2795,Keli Yakar
2757,Nezed ha-Demaʻ
2775,Ḥidushe halakhot / sheʼelot u-teshuvot panim masbirot
3633,ספר ארחות חיים
535,[Hamisha Humshe Torah]
2800,Keli Hemdah
767,Sefer Shevaḥ Pesaḥ ... / maʻaśeh yede Yishmaʻel ha-Kohen di-k. k. Modona.
818,"Ḥamishah ḥumshe Torah [Neviʼim rishonim, Neviʼim aḥaronim, Ketuvim]."
1731,Bayit ḥadash
2520,Shulhan ʹarūkh Ḥoshen Mishpaṭ / Me'irat Einayim
2573,Arba'ah Turim
3223,[Ṭurim]
3058,Kol Bo
1621,Sefer ha-Shorashim
1620,Kanon Ha-gadol
2617,Sefer ha-Shorashim
2739,Mishneh Torah
2666,Yosef Omets
2564,Seder ha-Tahanunim Asher Nahagu Bnei Roma
2875,The twenty-four books of the Holy Scriptures
3011,ספר פרשת דרכים :‏ ‏והם ששה ועשרים דרושים וקונטריס על מנין המצות ... /‏‏הכינם וגם חקרם... יהודה רוזאניס ...
718,Sefer Ḥovot ha-levavot / meha-Rav Beḥay ha-Dayan Sefaradi bar Yosef ; Ḥibro be-lashon ʻaravit ve-heʻetiḳo li-leshonenu ha-ʻivrit Rabi Yehudah 'n Tibon ; ʻim targum Yehudi-Ashkenazi mi-Shemuʼel mi-Pozna ṿe-ʻim haʻataḳah sheniyah le-Shaʼar ha-yiḥud ṿe-hagahot mi-Mosheh [ben] Yosef Shṭaynharṭ.
2744,Bakashat ha-memin
2611,Tehillim. Comm: David Kimhi
1637,Teshuvot She'elot
1814,Perushe ha-Torah
2778,מדרש האתמרי
1904,Perush le-Mishnat Avot
3010,"ספר מעלות המדות...ע""י רבי יחיאל בר יקותיאל בר בנימין הרופא"
3012,Sefer ha-ḳanah : ʻal ha-mitsṿot / ha-meḥaber baʻal Sefer Peliʼah.
493,'Edut be-Yosef
3013,ספר קול בן לוי
2797,Torat Mosheh
3018,זאת תורת החטאת: ‏‏ספר כולל כל דיני איסו׳ והתר ... על דרך השערים מדורא ... ונוסף על זה הלכו׳ נידה בקצרה מספר שלחן ערוך להחכם קארו
3019,ספר אהלי יעקב
3020,Mahazor Minhag Ashkenaz
3021,
3024,מדרש רבה
3025,Sefer Birkat ha-zevaḥ . . . ʻal gemara : perush tosafot mi-seder Ḳodashim
3026,זה ספר פירוש דניאל הנקרא... חבצלת השרון
3031,
3293,"Palaestra Linguarum Orientalium, Hoc est: Quatuor Primorum Capitum Geneseos, I. Textus Originalis tam ex Judaeorum quàm Samaritanorum Traditionibus. II. Targumim seu Paraphrases Orientales praecipuae, Nempe I. Chaldaicae, (Onkelosi, Jonathanis Et Hierosolymitana) II. Syriaca, III. Samaritana, IV. Arabica, V. Aethiopica, VI. Persica"
3375,
3224,[Ṭurim]
2889,Sefer Tsiyoni
2936,Mahalakh Sheilei ha-Da'at
2890,Piske Halakhot
2817,The Christian synagogue
2784,She'elot u-Teshuvot (Joseph Trani)
2826,Bible. New Testament. Syriac. 1664
719,Sefer ʻIbur shanim / ḥiber ṿe-sider Yiśakhar ben Mordekhai n. Susan Maʻaravi ; ṿe-hugah ʻa. y. Yitsḥaḳ Ṭreṿes.
3017,אליה מזרחי ונחלת יעקב
3198,נחמד למראה
3015,"מחזור של כל השנה כפי מנהג ק""ק איטאלייאני ‬"
2837,Perush ha-Torah
3149,Chronologia Hebraeorum maior
3150,Arukh
3368,ספר יש נוחלין
1817,Yeshayahu ve-Yirmiyahu 'im Pirush David Kimhi
3291,Biblia Hebraica
3369,ספר אורחות צדיקים
1813,Perush 'al Nevi'im Aharonim
3027,ספר מראה כהן...על מס׳ זבחים
3292,Biblia Hebraica Manvalia
3029,ספר תולדות יעקב יוסף
3438,תפארת הגרשוני
3032,שאלות ותשובות שחיבר...שלמה בן אדרת
3439,בבא קמא
2867,Masekhet Bava Metzia
2884,Mahazor mi-kol ha-shanah Minhag Polin
2737,Perush ha-Berakhot ve-ha-Tefillot
691,Sefer Bet Leṿi : ... ḥidushe halakhot le-690 ḳushyot ... gam perush ʻal agadot neʻlamot / Leṿi Shelomoh mi-ḳ.ḳ. Brod.
2745,Arba'ah Turim
1932,Hilkhot Rav Alfas
435,Hidushe ha-Rashbats : sefer kolel shefer rimze piske masekhet Nidah ve-hidushe halakhot al masekhet Rosh ha-shanah u-ferush yafeh af naim le-masekhet Kinim ...
702,Sefer Derekh ha-melekh : derekh ha-nesher ha-gadol ... ha-Rambam / ha-tsaʻir Refaʼel Yosef ben Rabi.
721,Shefer Sefer Igrot ha-Remez : ... baḳashah ... be-shem Elef alfin / Mosheh Zakut ; ṿe-hugahu ʻal yede Yaʻaḳov Nunes Ṿais.
1821,Tur Orah Hayim
528,Arba'ah Ve-Esrim
1021,אמונות ודעות ... שחיבר רבינו סעדיה
3039,ספר חק לישראל
3033,"שו""ת מהר""ם בר' ברוך"
2882,Bene David
3042,ארץ חמדה
3044,מאמר מרדכי
3046,צמח מנחם
2851,Mishnayot Seder Toharot
3049,פירוש רבינו אשר חוברת שלישית
3050,ספר חק לישראל
2849,Masekhet Rosh Hashanah
2726,Hidushe Halakhot Maharam Schiff
2861,Taamei ha-Mitzvot
2399,Sefer Liṿyat ḥen : ḥidushe halakhot
3034,ספר תורת חיים
3363,Mivḥar ha-peninim
3080,Kitsure Ibn Rushd al shema tivʿi le-Aristoteles
3370,Yad Aharon
3051,‫  ספר המגיד
3040,מילי דברכות
3445,בית הלל
3394,"Maḥzor. German, Bohemian and Polish rite. 1670."
3200,תלמוד בבלי מסכת בכורות
3043,מחזור לראש השנה ויום הכפורים
3045,
3078,Sefer Be'er reḥovot
3201,ספר לקוטי תורה
3077,"Hoc est, Talmudis Babylonici codex Succa, sive de tabernaculorum festo"
3047,סדר נשים
3294,Jacobi Altingi Fundamenta Punctationis Linguæ Sanctæ
3295,Biblia Hebraica
3296,De Astrologia
3297,Johannis Buxtorfi Concordantiae Bibliorum Hebraicae
2759,Leḳeṭ ha-ḳemaḥ
3387,כד הקמח
3386,חק יעקב
3298,Biblia sacra hebraica & chaldaica
3395,ספר ציוני
3371,קיצור ספר מצות גדול
3041,מקראות גדולות
3214,Sefer tsok ha-itim
3048,תולדות אדם
3202,Mishnayot im nekudot ve-im perush Kaf Nahat
2321,Mahzor
3299,Psalmorvm Liber Prophetae David
3381,חמשה חומשי תורה
3344,שלחן ערוך. יורה דעה: חלק שני
3205,Hupat Hatanim
3372,מצת שמורים
782,"Sefer Ḥesed le-Avraham : ... sheloshah sefarim niftaḥim bo ... seder ha-ḥol, ṿe-ʻolat shabat, ṿe-ʻolat ha-ḥodesh ... mi-kitve ha-Ariʼel / mi-meni Avraham b. ha-r. Shalom Tuviyanah."
3300,"Biblia sacra, Hebraice, Chaldaice, Graece et Latine"
3216,Sefer davar tov
1752,"Duo tituli thalmudici Sanhedrin et Maccoth . . . cum excerptis ex

utriusque Gemara,"
3217,Torat ha-mashiaḥ
3301,Sefer en Yisra'el
3218,Shaʿare teshuvah
3382,ספר הצבא
3219,Sefer meʾir nativ
3383,ספר תפארת ישראל
3220,Meʾir nativ ha-niḳra ḳonḳordanśiyaś
3221,Sefer olat Yitsḥak
3388,מחזיק ברכה
3441,צינה דוד
3397,"חידושי הריטב""א למסכת יבמות"
3440,מנחת כהן
3442,עיטור בכורים
3443,כנסת הגדולה על חשנ משפט
3444,אשל אברהם על הקבלה
2381,Sheʼelot u-teshuvot Tsemaḥ tsedeḳ
568,"Sefer Ketubah : ve-hu helek ehad min Sefer Hafla'ah : hidushe halakhot va-agadot
ספר כתובה : והוא חלק אחד מן ספר הפלאה ; חידושי הלכות ואגדות"
3346,Targum Yerushalmi and Yonatan ben Uziel on the Torah
2019,Sefer Rav Alfas
3225,[Ṭurim]
3347,אשלי רברבי
3378,Sefer Tehilim = Psalterium.
3226,Exercitationes sex varii argumenti
3384,סדר תפלה. פלטין בית אל
3227,Sefer ḥizuk emunah
3385,סידור שער השמים
3389,מקראות גדולות. ספר דברים
3229,Sefer ha-zohar al ha-torah
3396,אומר השכחה
3230,Sefer ha-zohar al ha-torah
3091,Sefer ha-terumot
3446,שאלות ותשובות מקור ברוך
3231,Sefer mizbeaḥ ha-zahav
3232,Sefer mikhlal yofi
3332,תלמוד בבלי מסכת קדושין
826,Sefer Ḳorban reshit : sheʼelot u-teshuvot ṿe-ḥidushe halakhot  ... ʻal masekhet Rosh ha-shanah
790,Tsemaḥ Daṿid : ... / David de Pomis.
3054,סדר הגדה של פסח
3113,Planta Vitis
3204,Masekhet Kiddushin
3056,Haggadah shel Pesah 'im bi'ur hadash ha-marbeh le-saper
2926,Tavnit Heichal - Libellus Effigiei Templi Salomonis
2927,חמשים דרושים
3333,תלמוד בבלי מסכת נזיר
2929,Mishna
2916,Tsurat Bet ha-Mikdash
2931,He-Arukh
2932,Ha-Emunot ve-ha-De'ot
870,Torah
2933,Urim ve-Tumim
2934,Shilte ha-Gibborim
2498,Maḥazor ke-minhag ḳ.ḳ. Ashkenazim le-otot ule-moʻadim ... ’im perush ma’agle tsedeḳ
366,Zera' Yisra'el
3303,"Ḥidushe halakhot:... masekhet Bava ḳama, u-ḳetsat Bava metsiʻa [u-]Bava batra"
3304,
3208,Sefer Beit Shmuel al Shulhan Arukh me-Even ha-Ezer
3109,Clavis Talmudica
3233,Sefer imre binah
3234,Sefer nezed ha-dema
3305,Divre Shelomoh
3235,Yad Ḥayim
3307,Sefer ha-Kuzari
3312,Oraḥ ḥayim : be-darkhe ha-musar le-ish he-ḥafets ḥayim
3309,מקראות גדולות
3311,ספר סעודת מצוה
3313,Mishnayot ‘im Peirush le-ha-Rambam
2892,Masoret ha-Masoret
3315,סדר הגדה של פסח
2973,Shamayim Chadashim
2893,Kehunat Avraham
2894,Divre Rivot
2895,Beit Aharon
2896,Toledot Aharon
2897,Darkei No'am with Tuv Ta'am ve-Da'at
3317,‫  ספר לשון הזהב
3323,"ספר אבן השהם ומאירת עינים :‏ ‏שאלות ותשובות וחידושים וביאורים, חלק ראשון"
3324,אהל משה
3325,מראית העין
3326,משנה ברורה
3328,אבן פנה
3334,תורה בראשית שמות
3348,ספר חתם סופר
2898,Darkei ha-Shem
2899,Sefer Euklidus
2900,Seder Keriyat ve-Tikkun and Ha-Idrot ha-Kedoshot
2901,Bet Elokim and Sha'ar ha-Samayim
2902,Ikarim
2903,Shevilei Emunah
2904,Pirke Eliyahu
2940,Eleh Benei ha-Ne'urim
2906,Pitron Chalomot
2907,Siftei Yeshenim
2908,Zera' Yitschak
2909,Zikhron Moshe
2910,Ha-Mikkach ve-ha-Mimkar
2911,Ammudei Bet Yehudah
2912,Shnei Luchot ha-Berit
2913,Seder Hanhagat ha Bayit
2914,Penei Rabbah
2915,Ta'alumot Chokhmah
2952,Bible
2917,Sefat Emet
2930,Matteh Dan
761,Perush ʻal Neviʼim rishonim
2938,Machzor im Kavvanat ha-Paytan
2918,Yosef Da'at
2919,She'elot u-Teshuvot
2920,Omek Halakhah
2886,Tesuvot
2887,Kuzari
3209,
2923,Kol Bo
2924,Nekudot ha-Kesef
2888,Sefer Agur
2925,Luach le-Esrim Shanah
2937,Chokhmat ha-Mishkan
3306,Divrei Shlomo
1761,Seder Tephiloth HaMo'adim
2891,To'aliyot ha-Ralbag
2939,Luchot ha-Ibbur
2941,La-Yesharim Tehillah
2942,Leshon Limmudim
2943,Mesillat Yesharim
2944,Yalkut Shim'oni
2945,Nishmat Chayim
3310,משיבת נפש
2947,Enei Avraham
2948,Pardes Shoshanim
2949,Sefer Shemot
2950,Pentateuch
3236,Sefer kesef tsaruf
3398,"Torah, Neviʼim u-khetuvim : bi-leshon Ashkenaz"
3314,Mivḥar ha-peninim
2954,Tanakh
2955,Pentateuch
3237,Binjamin Mussaphiæ Memoria Multa Hoc Est Libellus Memorialis
3210,Hidushe Agadot
3316,משנה סדר קדשים
3238,Diḳduḳ delishan arami o ha-kasraʾah
3318,עין יעקב
3239,Sefer nitsaḥon
3327,טורי זהב
3335,תורה ויקרא במדבר דברים
3349,ספר חכמת אדם
2956,Arba Ta'aniyot
2957,Mikhlol
1756,The Amsterdam Haggadah
3380,[Torah Neviʼim u-ketuvim]
2959,Matteh Aharon
2961,Biblia Hebraea
2962,Nachlat Ya'akov
2963,Tanakh
2958,Haggadah shel Pesach
3319,משיבת נפש
3211,Hidushe Agadot
3331,Siddur. English & Hebrew. 1821
2966,Pentateuch
2967,Seder Tefillot le-Mo'adium u-le-Yamim Tovim
2968,Seder Tefillot le-Chodashim u-le-Mo'adim and Sefer Tehillim
1679,Talmud Yerushalmi
2969,Levush ha-Orah
2970,Mikhlol
2972,Arba Ta'aniyot
1689,Orah Hayim-Se'ah Solet-Marpe La-Nefesh
2971,Tanakh
3240,Perush rabenu Shelomoh Yitsḥaki me-ha-gaʾon
3241,Sefer beʾer Yitsḥaḳ
3350,תורת אדוני תמימה
2974,Giv'at Shaul
2964,Perush Sefer Kohelet u-Tehillim
2975,Perush al ha-Rambam
2951,Tanakh
3087,Sefer sheʾelot u-teshuvot
3215,"Porta Mosis Sive Dissertationes Aliquot à R. Mose Maimonide, suis in varias Mishnaioth, sive textus Talmudici partes, Commentariis praemissae, quae ad universam fere Judaeorum disciplinam aditum aperiunt"
3108,Constitutiones de anno jubilæo
2981,Tanakh
2976,Mizmor le-Todah
2977,Perush Don Joseph Ibn Yahya al David
2978,Mashmi'a Yeshu'ah
2979,Massa'ot shel Rabbi Benyamin
2980,Sefer Elim. Ma'ayan Granim. Ma'ayn Chatum.
2921,Ha-Itur
2953,Tanakh
3242,Sefer yam shel Shelomo
3243,Sefer aṭeret Shelomoh
3088,Ḥibur or ḥadash
3244,Sefer emeḳ Yehoshua
3245,Sefer agur
3246,Kli ḥemdah
3247,Maʿaśeh Ḥakhamim
3069,Kol bo
3254,Sefer torat ha-olah
3351,משנה סדר נזיקין
3256,Sefer en Yaʿaḳov
3155,Kotnot or
3212,Shemesh Tehilim
1771,Luchoth Eiduth
3320,ספר ערוך השלם
3157,Hen ḳol ḥadash
2928,Hilkhot Yesode ha-Torah. Contitutiones de fundamentis legis
3162,Sefer kaṿanot ha-agadot
3391,"Ionas Propheta in quatuor orbis principalioribus linguis, Graeca, Latina, Hebraea atque Chaldaica..."
3249,Perush Rabi Daṿid Ḳimḥi al Amos ha-navi
2550,Yalḳut ... ha-niḳra Shimʻoni : she-ḥiber Shimʻon Rosh ha-darshanim ... mi-Ṿranḳvurt.
642,Sefer ha-Yalkut
3337,קצות החשן
3250,Sefer toldot Yitshaḳ
2042,ילקוט התורה : והוא חלק ראשון מהמדרש על כל עשרים וארבע ספרים הנקרא שמעוני
3447,אהבת עולם
3338,"ספר חידושי הרשב""א"
3251,Sefer mishpete Shemuʾel
3448,שאלות ותשובות בני יעקב
3028,ספר עדות ביהוסף
3252,Sefer pilpula ha-rifta
3117,Sefer ha-musar
3449,שאלות ותשובות בני חיי
3465,שיטה מקובצת
3253,Sefer levush malkhut
3166,Beʾurim
2946,Ammudei Golah
3222,Sefer siaḥ Yitsḥaḳ
3255,"Bibliotheca latino-hebraica sive De scriptoribus latinis, qui ex diversis nationibus contra Judaeos, vel de re Hebraica utcumque scripsere"
3257,Sefer megilat sedarim
3258,Sefer tsohar ha-tevah im mikhseh ha-tevah
3259,Sefer shaʿare zimrah
3260,Sefer rapduni ba-tapuḥim
3261,Sefer tsemaḥ Daṿid
2119,"Meturgeman : Lexicon Chaldaicum, quo nullum hactenus a' qvoqvam absolutius æditum est / authore Eliia Levita."
3321,משנה תורה
3213,דבר שמואל
3107,Mahalakh shevile ha daʿat
739,Maḥberot ʻImanuʼel
3103,Itinera mundi
307,כתנות אור אור כולל ומוסיף על ספר עין ישראל
3339,ספר משנה תורה
3399,צאן קדשים
3262,Igerret orḥot olam
3263,Sefer ṭuv ṭaʿam
3400,לחם הפנים
3264,Sefer masoret ha-masoret
3401,טורים
3265,Sefer ha-Tishbi le-Eliyahu ha-Tishbi shorashaṿ be-minyan Tishbi
3402,נחלת שמעוני
3266,Sefer ha-baḥur
3267,Sefer ha-baḥur
3403,לקט שמואל
3420,מגדני יעקב
3268,Sefer ha- harkavah
3421,אלשיך מראות הצובעת על נביאים ראשונים
3269,"Lexicon Hebraicvm Vtilissimvm, Sexcentorvm Vocabulorvm Copia Vel Etiam Vltra instructum"
3270,Sefer tsedah la-derekh
3128,Ed ṿe-aluf
3271,Sefer ḥidot Yaʿaḳov
3272,Teshuʿat Yiśraʾel bi-yede Yehudit
3273,Masaʿot shel Rabi Binyamin
3274,Reʾeh ḳarati be-shem Betsalʾel ha-Leṿi mi-Zolḳṿṿai
3082,Mishle shuʿalim
3099,Sefer shulḥan arba
3100,Sefer liḳuṭe Avraham
3102,Sefer torat Mosheh
3161,Sefer shoshanat ha-amaḳim
2905,Sefer ha-Agudah
3164,Sefer rosh amanah
3470,שאלות ותשובות בני משה
1710,Bible
3526,Tseror ha-ḥayim
3561,Eleh ha-mitsvot
3583,Derekh 'emunah : be-derekh teshuvah she'elah 'al derekh ha-kabbalah / Qatan hakhamot ve-rab ha-eikhut habro hakham 'ish 'eloqim nora' me'od ha-ga'on ha-mufla' me-ha-rab rabbí Me'ir Ben Gabb'ai za l
740,Sefer Mashmiʻa yeshuʻah
2591,Magine Shelomoh : ḥidushe halakhot ...
3404,מלאכות מחשבת
3405,צפנת פענח
3578,Leqet ha-qemah : ve-hu quntres qatan hokhmot al ha-mishnayot she-hem ravei ha-eikhut...
3406,תרומת הדשן
3570,Sefer hamisha humshe Torah
3407,"ש""ע"
3073,Ḥamishah ḥumshe Torah
3408,פי שנים
3409,שושנות יעקב
3410,שערי קדושה
3411,שאלות ותשובות שער אפרים
3412,דרכי משה
3413,באר רחובת
3414,ברכת החדש
3415,מקשה זהוב
3416,מור דרור
3417,גאון צבי
3418,תפארת יוסף
3419,צמח דוד
277,Ḳorban Netanʼel
3450,מסגרת השולחן
3451,אלשיך על דניאל
3575,Sefer she'elot u-teshuvot: H[avat] D[a'at].../ Edited with an introduction by Raphael Bechor ha-Levi
3452,עולת שבת
3453,מגיד משרים
3454,חק יוסף?
3580,Liber Psalmorum
3455,פנים מאירות שאלות ותשובות
3456,תולדות יצחק
3457,פעמון ורמון
3458,שאלות ותשובות מים רבים
3582,Arba'ah ve-'eserim : hem Torah Nebi'im u-Ketubim
3459,מועד דוד
3460,מראת הצדק
3461,"פני יהושע אפי רברבי וא""ז"
3462,"דברי נב""א"
3463,בחיי
3464,אלשיך על התורה
3467,שאלות ותשובות כנסת יחזקאל
3468,זרע ישראל
3469,קרבן אהרן
3574,"Sefer Torat ha-'adam : 'al divrat bene ha-'adam u-vet mo'ed le-kol hay, yoreh yadin be-sheloshim she'arim vehem : sha'ar mehush, sha'ar sakanah, sha'ar sof, sha'ar refu'ah, sha'ar petirah, sha'ar qeri'ah, shaar meto mutal lefanav, sha'ar haseped, shaar hotsa'ah, sha'ar qevurah, sha'ar cohanim, sha'ar evel, sha'ar hathalah, sha'ar mela'kkah, sha'ar rehitzah, sha'ar neilat ha-sandal, sha'ar tashmis ha-mittah, sha'ar divrei Torah, sha'ar sheelat shalom, sha'ar atifat ha-rosh, sha'ar kefiyat hamittah, sha'ar hanahat tefilin, sha'ar tikkboset, sha'ar tisporet, sha'ar simhah, sha'ar 'ihui ha-qera', sha'ar shabbatot ve-yamim tovim, sha'ar shemuah ve-liqut 'atzamot, sha'ar 'avelut yeshanah, ve-'aharon 'aharon haviv sha'ar ha-gemul be-din ve-heshbon ha-ra'ui latet ahar ha-mavet le-tzad 'il'ah yimlal : hagru ha-erez asher be-Lebanon ha Ramban z l b-Israel gadol shemo le-tov kol ha-yamim"
3579,Hamishah humeshee Torah
3560,
3572,[Bíblia hebraica]
3581,Mishpete ha-te'amim
3562,מכלל יופי ‬
3586,Mo'zne lashon ha-qodesh
3576,Sefer Ma'ase tsadiqim : ha-dor atem reu sefer... / .. hidushei ha-rab rabenu ha-gaon ha-Ramban zal...
3584,Sefer Nehmad ve-na'im ... hibbur ... al hokmat ha-tekunah ve-kiddush ha-hodesh u-medidot ha-kokabim ... le-habin mappat ha-olam ha-nikra Landkart ...
3248,Sefer mikhlol
3587,"Hasagot she-hisig he-haham R. Moshe El Ashkar za l 'al mah she-katav rabbí Shem Tob be-sefer Ha-'Emunot shelo neged ha-Rambam, zikhrono li-brakkah"
3585,Sefer ha-'emunot : she-hibber he-haham he-hasid ha-rav Shem Tov z[ekher] t[zdik] l[i-brakhah]
3573,[Sefer Ruah Hen / she-hibber he-hakham... Yehudah 'Ibn Tibbon `'al Moreh Nevukhim le-faresh bo milot ha-zarot ve-shemot she-filisofim mishtamshim ba-hem ... hosafti perush hadash she-hibber Yisra'el ba`al sefer ha-nehmad Netsah Yisra'el]
3588,Heleq sheni : me-hamishah humshe Torah : al-pi diqduq we-'iyun gadol ke-nizkar ba-sha'ar heleq ha-ri'shon im ha-'asarah shelitim 'asher be ... kol asher helqo heleq mishmetu mishmat 'eleh mishe'al 'asher qiblah me-har Sinai im ha-megilot ve-ha-haftarot ha-nikra'im bi-zmanehem ba-'asher 'ineikhem tehazne mi-yesharim
3569,"Sefer Tsahut ba-diqduq / she-hibber he-khakham ha-gadol R. Abraham ben Meir ha-sefaradi z''al ha-mekhune ben Ezra midpas bi-shnat hameshet alafim we-shalosh meot we-shisha la-yetsira. be-Venezia. We-ata huatak shenit, meuleh min ha-rishonit be-hagaah iyunit, hinne edah ha-tavnit, u-psukei mikraot, rubbam me-ha-nimtsaot, asher le-mofet muvaot, mehubbarim be-lulaot. Yimtsam ha-kore bli leut, be-hotsaot ha-bakhurim [he hakham ha-gadol] ha-bakhur [kevod harav rabbí] Reuben Arenswald we-ha-bakhur [kevod ha-rav rabbí] Aharon Yerslov we-gam hoge al-yado"
3589,Praecepta mosaica sexcenta atq[ue] tredecim cu[m] succincta & plerunq[ue] mirabili & supersticiosa rabinoru[m] expositione / Sebastianvs Mvnstervs ...
3590,Psalterium Hebraicum
3143,Miḳdash adonai
3591,Sefer ketubim = [Hagiògrafs]
3577,Maskiyot Kesef : Dana sifra estakakh be-amtahta debi ve-lo noda el mi mi-qedoshim hayoh hayah ve-hu zahir yotzeh me-eden lehashqot kol tzemah mei zahav yotzin be-shir shirav hakhimiah kaasher yedabber ish el reehu... kol adam hazu ... shanim shanim bah shlishia... we-lo sham rosh ha-medaberrim ha-rav kevod morenu ha-rav rabbí Abraham Bedershi zikhoro le-hayei ha-olam ha-ba le-ha-rav ha-gadol nesi nesiei ha-Leví kevod morenu ha-rav rabbí Todros Ha-Leví zikhrono le-hayei ha-olam ha-ba sar ve-gadol be-malkhut Castilia.. . 'Ani 'ani higra deyoma Mordekhai Tamah
3571,Mishneh Torah heleq sheni hibber ha-nesher ha-gadol rabbenu Mosheh ben ha-dayan Rabbi Maimon ha-sefaradi zekher sadiq li-berakhah ...
3592,שיטה מקובצת
3594,
3596,פני יהושע
3597,
3563,מכלל יופי ‬
3598,Johannis Cocceii theologiae doctoris et professoris Lexicon et commentarius sermonis Hebraici et Chaldaici.
3595,Mishnayot
3601,Mishpatim yesharim
3593,תלמוד בבלי. מסכת פסחים
3599,
3602,Sefer Pene Mosheh. Helek 2 mi-sheʼelot u-teshuvot.
3565,Torat ha-adam
3636,
3637,The Title Goes Here
